grid_id,row,column,x,y,z,raw_sionna_rssi_dbm,plain_idw_rssi_dbm,residual_idw_rssi_dbm
grid-r000-c000,0,0,0.5,0.5,1.2000000476837158,-33.816159366054954,-47.34708725529587,-47.02025917511396
grid-r000-c001,0,1,1.0,0.5,1.2000000476837158,-34.32814052097959,-47.32171030668922,-47.61876340225251
grid-r000-c002,0,2,1.5,0.5,1.2000000476837158,-35.263249489338094,-47.297405687495605,-48.63614718933495
grid-r000-c003,0,3,2.0,0.5,1.2000000476837158,-34.104185064584,-47.27574087527914,-47.552172421825546
grid-r000-c004,0,4,2.5,0.5,1.2000000476837158,-37.25666381793438,-47.25896828392942,-50.769475117506914
grid-r000-c005,0,5,3.0,0.5,1.2000000476837158,-35.142805524663956,-47.250183889460324,-48.70744785208707
grid-r000-c006,0,6,3.5,0.5,1.2000000476837158,-35.20795757981809,-47.25343727167631,-48.80985574165926
grid-r000-c007,0,7,4.0,0.5,1.2000000476837158,-31.89320330624902,-47.273718860011385,-45.51841851392442
grid-r000-c008,0,8,4.5,0.5,1.2000000476837158,-37.87882330741147,-47.31672704372272,-51.51747406769422
grid-r000-c009,0,9,5.0,0.5,1.2000000476837158,-33.03027388908205,-47.388319921698525,-46.6809287738341
grid-r000-c010,0,10,5.5,0.5,1.2000000476837158,-36.00868338823111,-47.49360847483494,-49.682941563559446
grid-r000-c011,0,11,6.0,0.5,1.2000000476837158,-33.19499199843669,-47.63576246437249,-46.92087737289165
grid-r000-c012,0,12,6.5,0.5,1.2000000476837158,-33.825311860972036,-47.81475556404484,-47.647801419566505
grid-r000-c013,0,13,7.0,0.5,1.2000000476837158,-33.7336990160017,-48.026407809632715,-47.7110408559387
grid-r000-c014,0,14,7.5,0.5,1.2000000476837158,-34.55573476311169,-48.262110098374585,-48.7513238719183
grid-r000-c015,0,15,8.0,0.5,1.2000000476837158,-32.950913408244574,-48.50948787830465,-47.42209162923276
grid-r000-c016,0,16,8.5,0.5,1.2000000476837158,-34.20253168553825,-48.75399692167557,-48.98907979807474
grid-r000-c017,0,17,9.0,0.5,1.2000000476837158,-34.1698943133678,-48.98112713973457,-49.28544809083138
grid-r000-c018,0,18,9.5,0.5,1.2000000476837158,-33.81083061069093,-49.178647172393305,-49.2396292923021
grid-r000-c019,0,19,10.0,0.5,1.2000000476837158,-34.03314608885442,-49.338277999355974,-49.732724569652255
grid-r000-c020,0,20,10.5,0.5,1.2000000476837158,-33.892646640611794,-49.456387561285865,-49.80115928708525
grid-r000-c021,0,21,11.0,0.5,1.2000000476837158,-33.79763740118779,-49.53366269706502,-49.843327184155626
grid-r000-c022,0,22,11.5,0.5,1.2000000476837158,-33.845842787124376,-49.57405139802393,-49.95611967580872
grid-r000-c023,0,23,12.0,0.5,1.2000000476837158,-37.109685358132836,-49.583420509903526,-53.21809086281023
grid-r000-c024,0,24,12.5,0.5,1.2000000476837158,-34.528175988306025,-49.56831865178981,-50.57859634049662
grid-r000-c025,0,25,13.0,0.5,1.2000000476837158,-37.34140977332312,-49.53506390333816,-53.28976191012596
grid-r000-c026,0,26,13.5,0.5,1.2000000476837158,-34.922126361803045,-49.48920442463651,-50.73618281518394
grid-r000-c027,0,27,14.0,0.5,1.2000000476837158,-35.86802215314732,-49.43529156586685,-51.52611905576575
grid-r000-c028,0,28,14.5,0.5,1.2000000476837158,-37.61560311901895,-49.37686546938317,-53.10484608315714
grid-r000-c029,0,29,15.0,0.5,1.2000000476837158,-35.01309405045649,-49.316559062931695,-50.32748051644983
grid-r001-c000,1,0,0.5,1.0,1.2000000476837158,-36.31013509011699,-47.31676721911533,-49.523115095045625
grid-r001-c001,1,1,1.0,1.0,1.2000000476837158,-33.6261535238246,-47.286657893921934,-46.935928085449405
grid-r001-c002,1,2,1.5,1.0,1.2000000476837158,-33.6747240583816,-47.25674717868489,-47.077542463039244
grid-r001-c003,1,3,2.0,1.0,1.2000000476837158,-36.48975139514515,-47.22855910483245,-49.97816548102635
grid-r001-c004,1,4,2.5,1.0,1.2000000476837158,-32.37116099302034,-47.204402981389876,-45.933524276710386
grid-r001-c005,1,5,3.0,1.0,1.2000000476837158,-34.56899478912624,-47.1876018376088,-48.189475567401985
grid-r001-c006,1,6,3.5,1.0,1.2000000476837158,-36.46872322672746,-47.182685124960514,-50.12825864373853
grid-r001-c007,1,7,4.0,1.0,1.2000000476837158,-32.51571422173165,-47.19545117192875,-46.19438516286944
grid-r001-c008,1,8,4.5,1.0,1.2000000476837158,-34.14900477822296,-47.23276463728086,-47.8301789013203
grid-r001-c009,1,9,5.0,1.0,1.2000000476837158,-33.04042302676186,-47.301945526270735,-46.71656484335945
grid-r001-c010,1,10,5.5,1.0,1.2000000476837158,-33.03540091313616,-47.40966912906196,-46.71464506888923
grid-r001-c011,1,11,6.0,1.0,1.2000000476837158,-32.472056784884806,-47.56045272176099,-46.183683436434286
grid-r001-c012,1,12,6.5,1.0,1.2000000476837158,-31.51671873543455,-47.755020681124584,-45.31305384311891
grid-r001-c013,1,13,7.0,1.0,1.2000000476837158,-32.51591161112291,-47.98901535383133,-46.46849557975518
grid-r001-c014,1,14,7.5,1.0,1.2000000476837158,-32.09813577895222,-48.2525473823678,-46.28752789228899
grid-r001-c015,1,15,8.0,1.0,1.2000000476837158,-32.43224726916077,-48.530916104963644,-46.93315466098042
grid-r001-c016,1,16,8.5,1.0,1.2000000476837158,-31.615018598967225,-48.8065222550272,-46.480559142340304
grid-r001-c017,1,17,9.0,1.0,1.2000000476837158,-32.2692898470497,-49.061621691143785,-47.51902399846909
grid-r001-c018,1,18,9.5,1.0,1.2000000476837158,-32.65436001034083,-49.281234667761176,-48.269675169852306
grid-r001-c019,1,19,10.0,1.0,1.2000000476837158,-31.87506997878291,-49.45538775209017,-47.802919797364744
grid-r001-c020,1,20,10.5,1.0,1.2000000476837158,-34.39758031765663,-49.580067604713705,-50.56069075498432
grid-r001-c021,1,21,11.0,1.0,1.2000000476837158,-32.90757699456157,-49.656763261431976,-49.217436851369825
grid-r001-c022,1,22,11.5,1.0,1.2000000476837158,-36.54506319256991,-49.69099371891302,-52.9139911775615
grid-r001-c023,1,23,12.0,1.0,1.2000000476837158,-32.530355932598106,-49.69047116015745,-48.88026698990444
grid-r001-c024,1,24,12.5,1.0,1.2000000476837158,-34.42903788918568,-49.66346638275461,-50.696224342675976
grid-r001-c025,1,25,13.0,1.0,1.2000000476837158,-35.032244765266014,-49.61767238756519,-51.16873492953796
grid-r001-c026,1,26,13.5,1.0,1.2000000476837158,-35.084367872352786,-49.55960006761158,-51.05696529580853
grid-r001-c027,1,27,14.0,1.0,1.2000000476837158,-36.68016842142208,-49.494389014890515,-52.46826628834551
grid-r001-c028,1,28,14.5,1.0,1.2000000476837158,-37.859196610513905,-49.425876194946014,-53.4521881390675
grid-r001-c029,1,29,15.0,1.0,1.2000000476837158,-36.20076356867152,-49.35678925049154,-51.595550103218386
grid-r002-c000,2,0,0.5,1.5,1.2000000476837158,-35.31882930426021,-47.291432662453985,-48.53176999080382
grid-r002-c001,2,1,1.0,1.5,1.2000000476837158,-34.707986392444255,-47.25723934810894,-48.02898860380912
grid-r002-c002,2,2,1.5,1.5,1.2000000476837158,-33.438879059330674,-47.22238056993903,-46.865269863686066
grid-r002-c003,2,3,2.0,1.5,1.2000000476837158,-32.78627636751938,-47.18829227260544,-46.31095597052292
grid-r002-c004,2,4,2.5,1.5,1.2000000476837158,-33.451575629150526,-47.15727958440478,-47.06204774133771
grid-r002-c005,2,5,3.0,1.5,1.2000000476837158,-33.89776474254341,-47.13281901390712,-47.57563488759506
grid-r002-c006,2,6,3.5,1.5,1.2000000476837158,-33.664823113798036,-47.11984372340219,-47.38634070871345
grid-r002-c007,2,7,4.0,1.5,1.2000000476837158,-32.05878467172407,-47.12489554243045,-45.79716606158398
grid-r002-c008,2,8,4.5,1.5,1.2000000476837158,-31.666977151992597,-47.15596516674091,-45.397183141918156
grid-r002-c009,2,9,5.0,1.5,1.2000000476837158,-31.38929991466312,-47.22182001320713,-45.09541727131544
grid-r002-c010,2,10,5.5,1.5,1.2000000476837158,-31.81669729750194,-47.33069988060853,-45.500956847535726
grid-r002-c011,2,11,6.0,1.5,1.2000000476837158,-31.27716030962069,-47.48847665649337,-44.968154792439044
grid-r002-c012,2,12,6.5,1.5,1.2000000476837158,-31.980319794052853,-47.696661206495094,-45.736915937695144
grid-r002-c013,2,13,7.0,1.5,1.2000000476837158,-30.148636939361218,-47.95083664091184,-44.056355592487435
grid-r002-c014,2,14,7.5,1.5,1.2000000476837158,-30.638542219237934,-48.240070846841874,-44.79722011653651
grid-r002-c015,2,15,8.0,1.5,1.2000000476837158,-30.81447394094593,-48.54764181166355,-45.31920584427849
grid-r002-c016,2,16,8.5,1.5,1.2000000476837158,-30.564183565592053,-48.85312081862729,-45.48450280443997
grid-r002-c017,2,17,9.0,1.5,1.2000000476837158,-30.715451644756932,-49.135533977374,-46.07903189461403
grid-r002-c018,2,18,9.5,1.5,1.2000000476837158,-31.925368479687457,-49.37692475330623,-47.711380461440996
grid-r002-c019,2,19,10.0,1.5,1.2000000476837158,-30.84880956399993,-49.565306858267995,-46.992653123050246
grid-r002-c020,2,20,10.5,1.5,1.2000000476837158,-32.21439916124851,-49.69606355933765,-48.62136480324096
grid-r002-c021,2,21,11.0,1.5,1.2000000476837158,-31.985236071820395,-49.771455967678435,-48.54788100796095
grid-r002-c022,2,22,11.5,1.5,1.2000000476837158,-31.43209646483775,-49.798701942506014,-48.04601641470694
grid-r002-c023,2,23,12.0,1.5,1.2000000476837158,-33.51769621729303,-49.78754217213271,-50.09241337109575
grid-r002-c024,2,24,12.5,1.5,1.2000000476837158,-34.22488576885563,-49.74811737497817,-50.68914246248583
grid-r002-c025,2,25,13.0,1.5,1.2000000476837158,-34.54737483910976,-49.68956743711966,-50.84990458319243
grid-r002-c026,2,26,13.5,1.5,1.2000000476837158,-35.17677033485174,-49.61936618019856,-51.28425734708354
grid-r002-c027,2,27,14.0,1.5,1.2000000476837158,-35.598378295171315,-49.543194860812996,-51.49214894279456
grid-r002-c028,2,28,14.5,1.5,1.2000000476837158,-35.74346139425672,-49.46512056043024,-51.415961757168205
grid-r002-c029,2,29,15.0,1.5,1.2000000476837158,-36.287542318852985,-49.38789803199142,-51.73917315587748
grid-r003-c000,3,0,0.5,2.0,1.2000000476837158,-34.912284561155204,-47.272135053380424,-48.11174859277643
grid-r003-c001,3,1,1.0,2.0,1.2000000476837158,-34.29312255699269,-47.23486279141383,-47.6121555029375
grid-r003-c002,3,2,1.5,2.0,1.2000000476837158,-36.7124865771367,-47.196180580042856,-50.1500929567228
grid-r003-c003,3,3,2.0,2.0,1.2000000476837158,-36.084044084707415,-47.15741277236267,-49.634184389906366
grid-r003-c004,3,4,2.5,2.0,1.2000000476837158,-34.207853968232634,-47.12081482540413,-47.85791552736551
grid-r003-c005,3,5,3.0,2.0,1.2000000476837158,-33.90478269412362,-47.089945241578185,-47.634391395337026
grid-r003-c006,3,6,3.5,2.0,1.2000000476837158,-33.56588095624345,-47.070041973988296,-47.34678029615721
grid-r003-c007,3,7,4.0,2.0,1.2000000476837158,-32.93138422607118,-47.068263537544176,-46.72942855743349
grid-r003-c008,3,8,4.5,2.0,1.2000000476837158,-32.36768383357722,-47.09356698620991,-46.148063586198376
grid-r003-c009,3,9,5.0,2.0,1.2000000476837158,-32.999103551850524,-47.15596069770829,-46.7353512890559
grid-r003-c010,3,10,5.5,2.0,1.2000000476837158,-31.862677587936822,-47.26498432855798,-45.54850271879015
grid-r003-c011,3,11,6.0,2.0,1.2000000476837158,-31.89586327390451,-47.42757196471245,-45.5567113268475
grid-r003-c012,3,12,6.5,2.0,1.2000000476837158,-30.985368056212877,-47.64581774363137,-44.684939535104775
grid-r003-c013,3,13,7.0,2.0,1.2000000476837158,-31.111722933425114,-47.91531857066784,-44.94896163381954
grid-r003-c014,3,14,7.5,2.0,1.2000000476837158,-31.368499077432332,-48.22458574247729,-45.46326675951736
grid-r003-c015,3,15,8.0,2.0,1.2000000476837158,-30.924381469272802,-48.55570804527571,-45.39412720798318
grid-r003-c016,3,16,8.5,2.0,1.2000000476837158,-32.044778426385385,-48.88630132879363,-46.97821679655427
grid-r003-c017,3,17,9.0,2.0,1.2000000476837158,-31.1597671780681,-49.19270475371225,-46.59545000824374
grid-r003-c018,3,18,9.5,2.0,1.2000000476837158,-32.63867159848991,-49.454011356104736,-48.55540757718567
grid-r003-c019,3,19,10.0,2.0,1.2000000476837158,-33.04319574593062,-49.655853482554136,-49.365276954973645
grid-r003-c020,3,20,10.5,2.0,1.2000000476837158,-33.171002097531705,-49.7925473706343,-49.785543508643016
grid-r003-c021,3,21,11.0,2.0,1.2000000476837158,-32.79726168470343,-49.86680728629514,-49.57669399527351
grid-r003-c022,3,22,11.5,2.0,1.2000000476837158,-33.69941244612974,-49.88743148984661,-50.521687010359365
grid-r003-c023,3,23,12.0,2.0,1.2000000476837158,-32.60890689027323,-49.86619276726813,-49.37086770332807
grid-r003-c024,3,24,12.5,2.0,1.2000000476837158,-33.98082969770321,-49.81512781935475,-50.60398984408434
grid-r003-c025,3,25,13.0,2.0,1.2000000476837158,-33.18175872206278,-49.74481745930738,-49.61224258881274
grid-r003-c026,3,26,13.5,2.0,1.2000000476837158,-35.26851835530293,-49.66365394004741,-51.473677002469586
grid-r003-c027,3,27,14.0,2.0,1.2000000476837158,-36.99371054535555,-49.57779421702394,-52.95750295206606
grid-r003-c028,3,28,14.5,2.0,1.2000000476837158,-37.1767166062671,-49.49146755705314,-52.89516277446806
grid-r003-c029,3,29,15.0,2.0,1.2000000476837158,-36.45048097493046,-49.407398586664456,-51.927804877032415
grid-r004-c000,4,0,0.5,2.5,1.2000000476837158,-35.95369856630337,-47.25966231572759,-49.12083723698752
grid-r004-c001,4,1,1.0,2.5,1.2000000476837158,-35.73891761534708,-47.22063223631203,-49.03617909867209
grid-r004-c002,4,2,1.5,2.5,1.2000000476837158,-34.963486492203934,-47.179683719523034,-48.39203168933456
grid-r004-c003,4,3,2.0,2.5,1.2000000476837158,-34.57755229855416,-47.13803636529962,-48.133063452815115
grid-r004-c004,4,4,2.5,2.5,1.2000000476837158,-34.16468298353577,-47.097878201452346,-47.83522778843647
grid-r004-c005,4,5,3.0,2.5,1.2000000476837158,-34.77811899015673,-47.062793573434504,-48.54214256923179
grid-r004-c006,4,6,3.5,2.5,1.2000000476837158,-36.92096732012779,-47.03821362350395,-50.74627256583224
grid-r004-c007,4,7,4.0,2.5,1.2000000476837158,-33.656777850804446,-47.031724499357445,-47.50188477167364
grid-r004-c008,4,8,4.5,2.5,1.2000000476837158,-32.64188501493212,-47.05295342911086,-46.46144273844224
grid-r004-c009,4,9,5.0,2.5,1.2000000476837158,-32.19120086701936,-47.11271361692098,-45.94655722390731
grid-r004-c010,4,10,5.5,2.5,1.2000000476837158,-32.064397046632536,-47.22126309992816,-45.73846986234948
grid-r004-c011,4,11,6.0,2.5,1.2000000476837158,-31.653910911060322,-47.385957681057995,-45.266482702387556
grid-r004-c012,4,12,6.5,2.5,1.2000000476837158,-31.005076174085424,-47.609005260832745,-44.62227773629952
grid-r004-c013,4,13,7.0,2.5,1.2000000476837158,-31.108664226385663,-47.88603831609883,-44.84084302352123
grid-r004-c014,4,14,7.5,2.5,1.2000000476837158,-30.271509675702703,-48.2057467232404,-44.25728369524706
grid-r004-c015,4,15,8.0,2.5,1.2000000476837158,-30.317521178648256,-48.550397238359096,-44.69671291835687
grid-r004-c016,4,16,8.5,2.5,1.2000000476837158,-29.804334863741182,-48.89722094666959,-44.68651522360495
grid-r004-c017,4,17,9.0,2.5,1.2000000476837158,-31.246554488888385,-49.22106402166817,-46.68417734563606
grid-r004-c018,4,18,9.5,2.5,1.2000000476837158,-30.878325297165084,-49.49849128900014,-46.853190581858854
grid-r004-c019,4,19,10.0,2.5,1.2000000476837158,-31.441409606147097,-49.712428855045566,-47.86929273240095
grid-r004-c020,4,20,10.5,2.5,1.2000000476837158,-30.70719753017029,-49.85542185236204,-47.45842826762244
grid-r004-c021,4,21,11.0,2.5,1.2000000476837158,-33.65315581254094,-49.92995528108524,-50.5805498244395
grid-r004-c022,4,22,11.5,2.5,1.2000000476837158,-33.48454974073456,-49.94594125772282,-50.448649397509755
grid-r004-c023,4,23,12.0,2.5,1.2000000476837158,-36.95925122509642,-49.91692038387699,-53.84457838556125
grid-r004-c024,4,24,12.5,2.5,1.2000000476837158,-35.86452617594739,-49.856672732795374,-52.585903271336065
grid-r004-c025,4,25,13.0,2.5,1.2000000476837158,-36.36850515746601,-49.777110583927175,-52.87003479029521
grid-r004-c026,4,26,13.5,2.5,1.2000000476837158,-33.74087811881686,-49.68745287894957,-49.991057983709396
grid-r004-c027,4,27,14.0,2.5,1.2000000476837158,-34.73254734832391,-49.59425740989962,-50.71825076373701
grid-r004-c028,4,28,14.5,2.5,1.2000000476837158,-35.83178319782035,-49.50186199755067,-51.55267163849294
grid-r004-c029,4,29,15.0,2.5,1.2000000476837158,-36.74934691667828,-49.41292981360303,-52.213352891468006
grid-r005-c000,5,0,0.5,3.0,1.2000000476837158,-35.64130726500136,-47.25440218990477,-48.75127769150545
grid-r005-c001,5,1,1.0,3.0,1.2000000476837158,-34.571799581529646,-47.21514759591359,-47.819872250249844
grid-r005-c002,5,2,1.5,3.0,1.2000000476837158,-34.97131565061785,-47.173798328028774,-48.360984088511564
grid-r005-c003,5,3,2.0,3.0,1.2000000476837158,-34.9506422726592,-47.13150683972786,-48.47970096149698
grid-r005-c004,5,4,2.5,3.0,1.2000000476837158,-33.892015104647314,-47.09040584443313,-47.54983188659806
grid-r005-c005,5,5,3.0,3.0,1.2000000476837158,-34.56012760577585,-47.054067609942805,-48.32476210040839
grid-r005-c006,5,6,3.5,3.0,1.2000000476837158,-32.05248471387661,-47.02799343389109,-45.88861373619429
grid-r005-c007,5,7,4.0,3.0,1.2000000476837158,-34.04270237687733,-47.01994285798811,-47.902091979081035
grid-r005-c008,5,8,4.5,3.0,1.2000000476837158,-31.76973711233255,-47.039775305491084,-45.596569892445125
grid-r005-c009,5,9,5.0,3.0,1.2000000476837158,-31.176645448110534,-47.09844870662086,-44.91949275157271
grid-r005-c010,5,10,5.5,3.0,1.2000000476837158,-30.392786376293515,-47.206084469822365,-44.022520233552385
grid-r005-c011,5,11,6.0,3.0,1.2000000476837158,-30.555572021758053,-47.36957396377599,-44.084442015626585
grid-r005-c012,5,12,6.5,3.0,1.2000000476837158,-29.531863857560374,-47.59064063126464,-43.02588774825186
grid-r005-c013,5,13,7.0,3.0,1.2000000476837158,-28.600013591083396,-47.865003732963764,-42.17771705512888
grid-r005-c014,5,14,7.5,3.0,1.2000000476837158,-29.379967704845022,-48.18243330260205,-43.195294727909705
grid-r005-c015,5,15,8.0,3.0,1.2000000476837158,-29.389571014959436,-48.52702196561502,-43.60222943758714
grid-r005-c016,5,16,8.5,3.0,1.2000000476837158,-29.48137318328392,-48.87759647917408,-44.22154765218169
grid-r005-c017,5,17,9.0,3.0,1.2000000476837158,-29.663811193999635,-49.20922298854299,-45.00038734609444
grid-r005-c018,5,18,9.5,3.0,1.2000000476837158,-30.019949330333297,-49.49684891311183,-45.942263149934135
grid-r005-c019,5,19,10.0,3.0,1.2000000476837158,-31.309346901519234,-49.72063035659146,-47.72966525256467
grid-r005-c020,5,20,10.5,3.0,1.2000000476837158,-31.538143055451343,-49.87058042316552,-48.31418868762674
grid-r005-c021,5,21,11.0,3.0,1.2000000476837158,-33.51254380164419,-49.9479764802323,-50.48043658995368
grid-r005-c022,5,22,11.5,3.0,1.2000000476837158,-32.4942776372534,-49.96300018108231,-49.49902948799195
grid-r005-c023,5,23,12.0,3.0,1.2000000476837158,-33.75258604981418,-49.93036068034009,-50.66758227542118
grid-r005-c024,5,24,12.5,3.0,1.2000000476837158,-33.34033561786589,-49.86519176470107,-50.074405832379824
grid-r005-c025,5,25,13.0,3.0,1.2000000476837158,-35.033506151520115,-49.780491851822745,-51.52901912899932
grid-r005-c026,5,26,13.5,3.0,1.2000000476837158,-35.3629067700364,-49.6861587244399,-51.589432325732986
grid-r005-c027,5,27,14.0,3.0,1.2000000476837158,-37.20306920754646,-49.58907243518427,-53.15002609031938
grid-r005-c028,5,28,14.5,3.0,1.2000000476837158,-34.4128532928817,-49.49365063089282,-50.08296920586356
grid-r005-c029,5,29,15.0,3.0,1.2000000476837158,-36.424504396332836,-49.402500345551104,-51.828727652975346
grid-r006-c000,6,0,0.5,3.5,1.2000000476837158,-38.42886531767755,-47.25623640659651,-51.4507941908349
grid-r006-c001,6,1,1.0,3.5,1.2000000476837158,-37.448554582114035,-47.2183396460763,-50.612064758596986
grid-r006-c002,6,2,1.5,3.5,1.2000000476837158,-35.58979139498659,-47.1785504809041,-48.90039766113341
grid-r006-c003,6,3,2.0,3.5,1.2000000476837158,-33.566915328293845,-47.1380107914279,-47.02439672203345
grid-r006-c004,6,4,2.5,3.5,1.2000000476837158,-34.51537021253115,-47.09882734113435,-48.11053647198478
grid-r006-c005,6,5,3.0,3.5,1.2000000476837158,-33.14331230029674,-47.06452784713761,-46.85430987804329
grid-r006-c006,6,6,3.5,3.5,1.2000000476837158,-34.983650356151266,-47.04053791025923,-48.77282790623358
grid-r006-c007,6,7,4.0,3.5,1.2000000476837158,-31.80643469690078,-47.03446648347639,-45.619825402829264
grid-r006-c008,6,8,4.5,3.5,1.2000000476837158,-31.467407029189836,-47.05584354462013,-45.23978238761605
grid-r006-c009,6,9,5.0,3.5,1.2000000476837158,-31.387482328492425,-47.114960928005935,-45.055497300300175
grid-r006-c010,6,10,5.5,3.5,1.2000000476837158,-30.326087239826755,-47.22084266205644,-43.84895878843329
grid-r006-c011,6,11,6.0,3.5,1.2000000476837158,-29.05078206101294,-47.379050819503426,-42.432732979306444
grid-r006-c012,6,12,6.5,3.5,1.2000000476837158,-28.818979226969113,-47.59037927618788,-42.12398254004194
grid-r006-c013,6,13,7.0,3.5,1.2000000476837158,-28.084783990343716,-47.85084354846158,-41.43585076045126
grid-r006-c014,6,14,7.5,3.5,1.2000000476837158,-27.34236950182261,-48.15219140201573,-40.9037944075225
grid-r006-c015,6,15,8.0,3.5,1.2000000476837158,-27.616145028721192,-48.48180360415184,-41.5627538835338
grid-r006-c016,6,16,8.5,3.5,1.2000000476837158,-27.978075876790953,-48.82191767919601,-42.45809947893314
grid-r006-c017,6,17,9.0,3.5,1.2000000476837158,-28.264076997084956,-49.14964321266183,-43.36391451210536
grid-r006-c018,6,18,9.5,3.5,1.2000000476837158,-29.448885448978857,-49.43965258945388,-45.17012736867232
grid-r006-c019,6,19,10.0,3.5,1.2000000476837158,-30.396576954393815,-49.66978388981877,-46.654839441054435
grid-r006-c020,6,20,10.5,3.5,1.2000000476837158,-31.03820920983626,-49.82705320916089,-47.68559992200083
grid-r006-c021,6,21,11.0,3.5,1.2000000476837158,-30.281334560249462,-49.91051060189208,-47.142976317111376
grid-r006-c022,6,22,11.5,3.5,1.2000000476837158,-32.42312006485855,-49.929485104118726,-49.33239150315708
grid-r006-c023,6,23,12.0,3.5,1.2000000476837158,-33.02155601407208,-49.898916381737216,-49.84290811491855
grid-r006-c024,6,24,12.5,3.5,1.2000000476837158,-32.35753037691437,-49.83462715406751,-48.99464474999897
grid-r006-c025,6,25,13.0,3.5,1.2000000476837158,-33.437293777691714,-49.75028821182485,-49.83066277514315
grid-r006-c026,6,26,13.5,3.5,1.2000000476837158,-33.268241664928084,-49.6562550385491,-49.38771385922517
grid-r006-c027,6,27,14.0,3.5,1.2000000476837158,-34.134079251225124,-49.55964179724586,-49.97045475254255
grid-r006-c028,6,28,14.5,3.5,1.2000000476837158,-34.447974924521965,-49.464941373621066,-50.005725691591834
grid-r006-c029,6,29,15.0,3.5,1.2000000476837158,-32.184658326863385,-49.37474690093974,-47.4764144779799
grid-r007-c000,7,0,0.5,4.0,1.2000000476837158,-33.478123138026405,-47.26449673609714,-46.37582995166723
grid-r007-c001,7,1,1.0,4.0,1.2000000476837158,-32.765477261439585,-47.229389477063435,-45.80176200206738
grid-r007-c002,7,2,1.5,4.0,1.2000000476837158,-33.278777417489735,-47.192944029829484,-46.46024950110989
grid-r007-c003,7,3,2.0,4.0,1.2000000476837158,-33.40870741800609,-47.15634479697134,-46.73628817687444
grid-r007-c004,7,4,2.5,4.0,1.2000000476837158,-31.80238261561893,-47.12169415440278,-45.26771540580596
grid-r007-c005,7,5,3.0,4.0,1.2000000476837158,-31.9561097000096,-47.092424306867855,-45.53724694544796
grid-r007-c006,7,6,3.5,4.0,1.2000000476837158,-30.79833794081368,-47.07370181938952,-44.45574952790486
grid-r007-c007,7,7,4.0,4.0,1.2000000476837158,-29.981444535803988,-47.072601982392875,-43.656654235877085
grid-r007-c008,7,8,4.5,4.0,1.2000000476837158,-29.277496784357226,-47.0977036232436,-42.897853248303285
grid-r007-c009,7,9,5.0,4.0,1.2000000476837158,-28.737444849095475,-47.157822793226416,-42.23017568650172
grid-r007-c010,7,10,5.5,4.0,1.2000000476837158,-27.410814156046683,-47.26007690368416,-40.72586689251941
grid-r007-c011,7,11,6.0,4.0,1.2000000476837158,-26.704546448095876,-47.408171139874604,-39.83946791021076
grid-r007-c012,7,12,6.5,4.0,1.2000000476837158,-25.538946404794416,-47.601927170554795,-38.55499254501066
grid-r007-c013,7,13,7.0,4.0,1.2000000476837158,-25.003673121799906,-47.83807084565292,-38.02513504805533
grid-r007-c014,7,14,7.5,4.0,1.2000000476837158,-24.53031690285379,-48.11101093011941,-37.726540925764844
grid-r007-c015,7,15,8.0,4.0,1.2000000476837158,-24.55131374812609,-48.41226844059831,-38.10631195444505
grid-r007-c016,7,16,8.5,4.0,1.2000000476837158,-24.79068097396975,-48.72860175855988,-38.86629347063192
grid-r007-c017,7,17,9.0,4.0,1.2000000476837158,-25.57970438696976,-49.040598943631046,-40.27895598564441
grid-r007-c018,7,18,9.5,4.0,1.2000000476837158,-26.34932911823742,-49.32416806475723,-41.68969848137503
grid-r007-c019,7,19,10.0,4.0,1.2000000476837158,-27.225648937321253,-49.55587484357838,-43.13346690348557
grid-r007-c020,7,20,10.5,4.0,1.2000000476837158,-27.72268946639481,-49.71989180718252,-44.053366554122384
grid-r007-c021,7,21,11.0,4.0,1.2000000476837158,-29.435761421799846,-49.812334158791955,-46.01155386754918
grid-r007-c022,7,22,11.5,4.0,1.2000000476837158,-30.140020240978984,-49.840515821115204,-46.78855223386148
grid-r007-c023,7,23,12.0,4.0,1.2000000476837158,-31.065368795627293,-49.81843600876134,-47.645414633045505
grid-r007-c024,7,24,12.5,4.0,1.2000000476837158,-30.773739529071733,-49.76169215614604,-47.18484003655172
grid-r007-c025,7,25,13.0,4.0,1.2000000476837158,-31.516889005559747,-49.684039009152805,-47.69707998917892
grid-r007-c026,7,26,13.5,4.0,1.2000000476837158,-31.60717510135885,-49.59598121280684,-47.525069849200904
grid-r007-c027,7,27,14.0,4.0,1.2000000476837158,-33.27828457788484,-49.50475481253101,-48.92412495607077
grid-r007-c028,7,28,14.5,4.0,1.2000000476837158,-33.853975824903735,-49.41493389480799,-49.23195104150308
grid-r007-c029,7,29,15.0,4.0,1.2000000476837158,-33.398224375788104,-49.329164282481294,-48.52072729799404
grid-r008-c000,8,0,0.5,4.5,1.2000000476837158,-33.55204569807299,-47.27800597404795,-46.28564547684552
grid-r008-c001,8,1,1.0,4.5,1.2000000476837158,-33.8776655428429,-47.24677208713376,-46.738672253590195
grid-r008-c002,8,2,1.5,4.5,1.2000000476837158,-33.49357835478614,-47.2150018228555,-46.4881487450729
grid-r008-c003,8,3,2.0,4.5,1.2000000476837158,-31.796353088457337,-47.18394613850574,-44.92494042191255
grid-r008-c004,8,4,2.5,4.5,1.2000000476837158,-31.38453937077579,-47.155689639212014,-44.63813767103754
grid-r008-c005,8,5,3.0,4.5,1.2000000476837158,-31.35840348096515,-47.133478626929666,-44.71392616841604
grid-r008-c006,8,6,3.5,4.5,1.2000000476837158,-29.823662349227895,-47.122000356013764,-43.239512385263794
grid-r008-c007,8,7,4.0,4.5,1.2000000476837158,-29.30734867590879,-47.12740015662507,-42.72164020794221
grid-r008-c008,8,8,4.5,4.5,1.2000000476837158,-29.17963981322835,-47.156741512346734,-42.51491576846279
grid-r008-c009,8,9,5.0,4.5,1.2000000476837158,-28.05652998274254,-47.216753998827414,-41.23446702498917
grid-r008-c010,8,10,5.5,4.5,1.2000000476837158,-26.32289732844781,-47.31222769443497,-39.28839339707408
grid-r008-c011,8,11,6.0,4.5,1.2000000476837158,-25.59588042486876,-47.44499821223098,-38.34299313802229
grid-r008-c012,8,12,6.5,4.5,1.2000000476837158,-24.281355696984775,-47.61430158189587,-36.86953509828259
grid-r008-c013,8,13,7.0,4.5,1.2000000476837158,-23.13334384812159,-47.818079612885704,-35.686290969044194
grid-r008-c014,8,14,7.5,4.5,1.2000000476837158,-22.725804884223294,-48.05372123580489,-35.41367308557917
grid-r008-c015,8,15,8.0,4.5,1.2000000476837158,-22.49933491907592,-48.31700100778863,-35.50985064017512
grid-r008-c016,8,16,8.5,4.5,1.2000000476837158,-23.11139078766778,-48.59942808945914,-36.615028114102614
grid-r008-c017,8,17,9.0,4.5,1.2000000476837158,-24.210607304932907,-48.88580763486478,-38.32461102263888
grid-r008-c018,8,18,9.5,4.5,1.2000000476837158,-25.350707771730654,-49.15458588806793,-40.11030940346181
grid-r008-c019,8,19,10.0,4.5,1.2000000476837158,-26.620880165140008,-49.38245566490858,-41.96949664977521
grid-r008-c020,8,20,10.5,4.5,1.2000000476837158,-27.221582184166387,-49.55155243426493,-43.02711944971048
grid-r008-c021,8,21,11.0,4.5,1.2000000476837158,-28.643158932259105,-49.65490733139278,-44.73429026790324
grid-r008-c022,8,22,11.5,4.5,1.2000000476837158,-29.65197313940483,-49.69690813457336,-45.85767267986003
grid-r008-c023,8,23,12.0,4.5,1.2000000476837158,-29.881006296761058,-49.68943228472432,-46.05835600444995
grid-r008-c024,8,24,12.5,4.5,1.2000000476837158,-31.925147575099395,-49.646816254958914,-47.970667309442874
grid-r008-c025,8,25,13.0,4.5,1.2000000476837158,-31.179074318764947,-49.58219066323555,-47.02743704831634
grid-r008-c026,8,26,13.5,4.5,1.2000000476837158,-32.51989727087329,-49.505824220096514,-48.136438616258545
grid-r008-c027,8,27,14.0,4.5,1.2000000476837158,-31.896667664381283,-49.424926882679586,-47.26857661314263
grid-r008-c028,8,28,14.5,4.5,1.2000000476837158,-33.87858201751507,-49.344149682651356,-49.007248938628436
grid-r008-c029,8,29,15.0,4.5,1.2000000476837158,-32.567457994334596,-49.2662596256372,-47.46272814351389
grid-r009-c000,9,0,0.5,5.0,1.2000000476837158,-33.16918712679397,-47.295208797186184,-45.697532967914675
grid-r009-c001,9,1,1.0,5.0,1.2000000476837158,-31.940578197515272,-47.26843609979075,-44.57599268182752
grid-r009-c002,9,2,1.5,5.0,1.2000000476837158,-33.206636777268244,-47.24201301565036,-45.95281551477333
grid-r009-c003,9,3,2.0,5.0,1.2000000476837158,-32.31328743526424,-47.217234061292174,-45.1679961727941
grid-r009-c004,9,4,2.5,5.0,1.2000000476837158,-31.77820303629349,-47.19610217810952,-44.72955317275912
grid-r009-c005,9,5,3.0,5.0,1.2000000476837158,-30.281565506037744,-47.18154502255913,-43.303457854600445
grid-r009-c006,9,6,3.5,5.0,1.2000000476837158,-30.295309061190864,-47.1775405561926,-43.343131713152246
grid-r009-c007,9,7,4.0,5.0,1.2000000476837158,-29.40374854309993,-47.18897273772428,-42.41283833283028
grid-r009-c008,9,8,4.5,5.0,1.2000000476837158,-28.006352534429013,-47.22101932346435,-40.89710330943343
grid-r009-c009,9,9,5.0,5.0,1.2000000476837158,-27.171965208892182,-47.27807168141582,-39.86498968080684
grid-r009-c010,9,10,5.5,5.0,1.2000000476837158,-26.039842190946572,-47.36265564160947,-38.480250350806905
grid-r009-c011,9,11,6.0,5.0,1.2000000476837158,-24.545786797397298,-47.47518058204447,-36.72862787175275
grid-r009-c012,9,12,6.5,5.0,1.2000000476837158,-23.091469447124453,-47.61491467613836,-35.0768435972559
grid-r009-c013,9,13,7.0,5.0,1.2000000476837158,-21.406133662979308,-47.78142814556899,-33.317192914817994
grid-r009-c014,9,14,7.5,5.0,1.2000000476837158,-20.092836275952422,-47.975038474585396,-32.09849770071798
grid-r009-c015,9,15,8.0,5.0,1.2000000476837158,-20.049694834038043,-48.195333813628636,-32.33795973988227
grid-r009-c016,9,16,8.5,5.0,1.2000000476837158,-21.2881263131558,-48.43813299503977,-34.034292022335826
grid-r009-c017,9,17,9.0,5.0,1.2000000476837158,-22.88679061777762,-48.6925039265853,-36.219694629831466
grid-r009-c018,9,18,9.5,5.0,1.2000000476837158,-24.498496145099786,-48.94022797151671,-38.47149201451746
grid-r009-c019,9,19,10.0,5.0,1.2000000476837158,-25.578284896758845,-49.15943309738664,-40.15626230278471
grid-r009-c020,9,20,10.5,5.0,1.2000000476837158,-27.146938456538663,-49.33136659152947,-42.21791241285456
grid-r009-c021,9,21,11.0,5.0,1.2000000476837158,-28.3607496418908,-49.44636588578402,-43.768291614814494
grid-r009-c022,9,22,11.5,5.0,1.2000000476837158,-29.380179678800005,-49.50544122272634,-44.96148550616835
grid-r009-c023,9,23,12.0,5.0,1.2000000476837158,-30.046827524706366,-49.517427691573744,-45.6612339060419
grid-r009-c024,9,24,12.5,5.0,1.2000000476837158,-30.272621121240356,-49.494459183723386,-45.81468051151701
grid-r009-c025,9,25,13.0,5.0,1.2000000476837158,-31.88193052004295,-49.44833911674068,-47.28190866025196
grid-r009-c026,9,26,13.5,5.0,1.2000000476837158,-32.30128404887735,-49.38868808918866,-47.51902652717906
grid-r009-c027,9,27,14.0,5.0,1.2000000476837158,-33.782921891214244,-49.32250981501274,-48.79991311464613
grid-r009-c028,9,28,14.5,5.0,1.2000000476837158,-32.42727803323271,-49.254499659007976,-47.239472641625895
grid-r009-c029,9,29,15.0,5.0,1.2000000476837158,-33.14174010349483,-49.187591308424,-47.75404502401077
grid-r010-c000,10,0,0.5,5.5,1.2000000476837158,-33.074145749336864,-47.31437358436575,-45.35787667939738
grid-r010-c001,10,1,1.0,5.5,1.2000000476837158,-31.811789407609325,-47.29209288061973,-44.173089918373506
grid-r010-c002,10,2,1.5,5.5,1.2000000476837158,-32.338359455876656,-47.270948641779825,-44.7763126178545
grid-r010-c003,10,3,2.0,5.5,1.2000000476837158,-31.79299257339928,-47.25220736542558,-44.30022670650136
grid-r010-c004,10,4,2.5,5.5,1.2000000476837158,-30.600371413709425,-47.23768131611821,-43.15953718477737
grid-r010-c005,10,5,3.0,5.5,1.2000000476837158,-30.996096913929435,-47.22982500610655,-43.57573238946959
grid-r010-c006,10,6,3.5,5.5,1.2000000476837158,-29.73517815857869,-47.231713701854716,-42.28610783732677
grid-r010-c007,10,7,4.0,5.5,1.2000000476837158,-28.750196445660556,-47.246779955359436,-41.20493278397957
grid-r010-c008,10,8,4.5,5.5,1.2000000476837158,-28.096693270307334,-47.278226568614514,-40.37546419657901
grid-r010-c009,10,9,5.0,5.5,1.2000000476837158,-26.86864268518825,-47.32825353165799,-38.89493434913028
grid-r010-c010,10,10,5.5,5.5,1.2000000476837158,-25.552281709543237,-47.39758603726462,-37.27642357039497
grid-r010-c011,10,11,6.0,5.5,1.2000000476837158,-23.89226761122721,-47.48588703601988,-35.31508156219537
grid-r010-c012,10,12,6.5,5.5,1.2000000476837158,-22.16201930358733,-47.59305818490561,-33.347854573127506
grid-r010-c013,10,13,7.0,5.5,1.2000000476837158,-19.31366298467494,-47.72050914418688,-30.387274978158366
grid-r010-c014,10,14,7.5,5.5,1.2000000476837158,-15.871635736364361,-47.87118587086122,-27.00153815289847
grid-r010-c015,10,15,8.0,5.5,1.2000000476837158,-15.617134745319909,-48.04780495912812,-26.991261057797942
grid-r010-c016,10,16,8.5,5.5,1.2000000476837158,-19.03010798923048,-48.24973113011258,-30.82729949897189
grid-r010-c017,10,17,9.0,5.5,1.2000000476837158,-21.79492449210425,-48.46984593222531,-34.154129968661934
grid-r010-c018,10,18,9.5,5.5,1.2000000476837158,-23.737470604626594,-48.69345389979204,-36.729820662046876
grid-r010-c019,10,19,10.0,5.5,1.2000000476837158,-25.50615177879707,-48.90094875234138,-39.12006845641189
grid-r010-c020,10,20,10.5,5.5,1.2000000476837158,-26.47444660872211,-49.073739977331925,-40.62263736847948
grid-r010-c021,10,21,11.0,5.5,1.2000000476837158,-27.834461084499303,-49.20016487254469,-42.381150781322624
grid-r010-c022,10,22,11.5,5.5,1.2000000476837158,-28.655673088614968,-49.27790690560773,-43.45129441235466
grid-r010-c023,10,23,12.0,5.5,1.2000000476837158,-29.33301435344822,-49.31230577262412,-44.24215820969795
grid-r010-c024,10,24,12.5,5.5,1.2000000476837158,-30.43661203629813,-49.31266539471655,-45.352636795745426
grid-r010-c025,10,25,13.0,5.5,1.2000000476837158,-30.114450682328695,-49.28891637817368,-44.96227745942549
grid-r010-c026,10,26,13.5,5.5,1.2000000476837158,-31.7496578783718,-49.24966728154147,-46.48171503762717
grid-r010-c027,10,27,14.0,5.5,1.2000000476837158,-32.365144604958786,-49.20152426374783,-46.95489826927371
grid-r010-c028,10,28,14.5,5.5,1.2000000476837158,-33.50880344663067,-49.1491583136094,-47.94446248460704
grid-r010-c029,10,29,15.0,5.5,1.2000000476837158,-32.97444645053751,-49.0956733970384,-47.253877387291226
grid-r011-c000,11,0,0.5,6.0,1.2000000476837158,-35.524649969497126,-47.33382501448845,-47.52943558077045
grid-r011-c001,11,1,1.0,6.0,1.2000000476837158,-33.91674056568134,-47.315552811173816,-45.961595754596416
grid-r011-c002,11,2,1.5,6.0,1.2000000476837158,-31.476153960148146,-47.29894871213282,-43.55366596186674
grid-r011-c003,11,3,2.0,6.0,1.2000000476837158,-32.922913135745546,-47.285147968922416,-45.018413259549355
grid-r011-c004,11,4,2.5,6.0,1.2000000476837158,-30.43252978611801,-47.27564414680536,-42.52089753823672
grid-r011-c005,11,5,3.0,6.0,1.2000000476837158,-30.22812473901603,-47.27227950943329,-42.270340385656404
grid-r011-c006,11,6,3.5,6.0,1.2000000476837158,-29.165693421124644,-47.277114793526586,-41.10636608173955
grid-r011-c007,11,7,4.0,6.0,1.2000000476837158,-28.395145792573956,-47.29211938443711,-40.16337643064199
grid-r011-c008,11,8,4.5,6.0,1.2000000476837158,-27.892114893849907,-47.3187066946606,-39.40885090758116
grid-r011-c009,11,9,5.0,6.0,1.2000000476837158,-26.38499177511393,-47.35733694831275,-37.57897227187023
grid-r011-c010,11,10,5.5,6.0,1.2000000476837158,-25.237901868861606,-47.40760588221406,-36.06810211437844
grid-r011-c011,11,11,6.0,6.0,1.2000000476837158,-23.651993734938507,-47.46911883377284,-34.12886151934784
grid-r011-c012,11,12,6.5,6.0,1.2000000476837158,-21.363155287382618,-47.54285089180389,-31.559187663708112
grid-r011-c013,11,13,7.0,6.0,1.2000000476837158,-18.04247050377397,-47.63207417464811,-28.08786243696438
grid-r011-c014,11,14,7.5,6.0,1.2000000476837158,-12.176737668486084,-47.74196991995329,-22.243197969079255
grid-r011-c015,11,15,8.0,6.0,1.2000000476837158,-11.73077824144109,-47.87768642590884,-22.009067601435163
grid-r011-c016,11,16,8.5,6.0,1.2000000476837158,-17.624285616090354,-48.04130137809537,-28.298425519941247
grid-r011-c017,11,17,9.0,6.0,1.2000000476837158,-21.3459803960763,-48.228774218710534,-32.56525191572001
grid-r011-c018,11,18,9.5,6.0,1.2000000476837158,-23.518689069020056,-48.428578825203715,-35.371406868401465
grid-r011-c019,11,19,10.0,6.0,1.2000000476837158,-25.14521879855817,-48.62358621797328,-37.64306122203646
grid-r011-c020,11,20,10.5,6.0,1.2000000476837158,-26.474450467519887,-48.796033536499856,-39.5557087941253
grid-r011-c021,11,21,11.0,6.0,1.2000000476837158,-27.384929607451966,-48.9329998036788,-40.93645298031332
grid-r011-c022,11,22,11.5,6.0,1.2000000476837158,-28.555724642910562,-49.02930238976267,-42.44338126077368
grid-r011-c023,11,23,12.0,6.0,1.2000000476837158,-29.43648677733087,-49.08686086885526,-43.531660681392225
grid-r011-c024,11,24,12.5,6.0,1.2000000476837158,-30.661242856148185,-49.11195879086773,-44.85656864711028
grid-r011-c025,11,25,13.0,6.0,1.2000000476837158,-32.42275675540291,-49.112374284602176,-46.63729424638768
grid-r011-c026,11,26,13.5,6.0,1.2000000476837158,-32.259732416725015,-49.09545435514477,-46.43731352632551
grid-r011-c027,11,27,14.0,6.0,1.2000000476837158,-33.01460401849445,-49.067233275965755,-47.11917816102502
grid-r011-c028,11,28,14.5,6.0,1.2000000476837158,-32.6330289385172,-49.03225714429277,-46.64349833528905
grid-r011-c029,11,29,15.0,6.0,1.2000000476837158,-33.6535373473339,-48.9937546737114,-47.559258789624266
grid-r012-c000,12,0,0.5,6.5,1.2000000476837158,-31.86283528858433,-47.35215718240912,-43.562316611309086
grid-r012-c001,12,1,1.0,6.5,1.2000000476837158,-34.63770303041197,-47.33702958330128,-46.333974313471295
grid-r012-c002,12,2,1.5,6.5,1.2000000476837158,-33.05803511805842,-47.323756270454545,-44.73596595024549
grid-r012-c003,12,3,2.0,6.5,1.2000000476837158,-32.05639214150453,-47.31323578683045,-43.69266278834195
grid-r012-c004,12,4,2.5,6.5,1.2000000476837158,-32.040321570588915,-47.30653309544524,-43.60063942138183
grid-r012-c005,12,5,3.0,6.5,1.2000000476837158,-30.59625924268792,-47.30479401989487,-42.03274505462259
grid-r012-c006,12,6,3.5,6.5,1.2000000476837158,-29.901615482366267,-47.30906149113966,-41.151655033853885
grid-r012-c007,12,7,4.0,6.5,1.2000000476837158,-28.56728834838019,-47.319995533170164,-39.55604633124675
grid-r012-c008,12,8,4.5,6.5,1.2000000476837158,-28.187318845623885,-47.33759675558094,-38.8365245900823
grid-r012-c009,12,9,5.0,6.5,1.2000000476837158,-26.610240536786606,-47.36117835842077,-36.854524095688475
grid-r012-c010,12,10,5.5,6.5,1.2000000476837158,-25.72487015383126,-47.38988623513733,-35.533047781541526
grid-r012-c011,12,11,6.0,6.5,1.2000000476837158,-23.856834510140487,-47.42381841864225,-33.250892070024875
grid-r012-c012,12,12,6.5,6.5,1.2000000476837158,-22.014968339422147,-47.46526774114689,-31.07851408212473
grid-r012-c013,12,13,7.0,6.5,1.2000000476837158,-19.272260880646215,-47.51926472003378,-28.145118246221088
grid-r012-c014,12,14,7.5,6.5,1.2000000476837158,-15.706858934887322,-47.592829854301854,-24.568965103730903
grid-r012-c015,12,15,8.0,6.5,1.2000000476837158,-15.45004219502055,-47.69291667101862,-24.499865281731072
grid-r012-c016,12,16,8.5,6.5,1.2000000476837158,-18.940265241556517,-47.82350723655303,-28.370489292084585
grid-r012-c017,12,17,9.0,6.5,1.2000000476837158,-21.76663258146376,-47.98275879862637,-31.73806654255408
grid-r012-c018,12,18,9.5,6.5,1.2000000476837158,-23.80751205746479,-48.161595784178324,-34.42455379408953
grid-r012-c019,12,19,10.0,6.5,1.2000000476837158,-25.38783331896834,-48.345085387414564,-36.68296659303991
grid-r012-c020,12,20,10.5,6.5,1.2000000476837158,-26.42980291703398,-48.516567440502115,-38.36446051155089
grid-r012-c021,12,21,11.0,6.5,1.2000000476837158,-28.025169574610942,-48.66252933857629,-40.50735520853067
grid-r012-c022,12,22,11.5,6.5,1.2000000476837158,-29.39273574388757,-48.7756452056292,-42.30341047994216
grid-r012-c023,12,23,12.0,6.5,1.2000000476837158,-29.953166954087266,-48.85492472872405,-43.170852720579234
grid-r012-c024,12,24,12.5,6.5,1.2000000476837158,-29.327108110116562,-48.903852240880695,-42.74419491470259
grid-r012-c025,12,25,13.0,6.5,1.2000000476837158,-31.779494937237303,-48.92805476198841,-45.309441949632834
grid-r012-c026,12,26,13.5,6.5,1.2000000476837158,-32.284483582982226,-48.93350877107021,-45.86246139082657
grid-r012-c027,12,27,14.0,6.5,1.2000000476837158,-33.547008821893115,-48.9255407970752,-47.12710697502052
grid-r012-c028,12,28,14.5,6.5,1.2000000476837158,-33.02098856367004,-48.90845259307494,-46.572283010403154
grid-r012-c029,12,29,15.0,6.5,1.2000000476837158,-33.941085870626246,-48.88550863535675,-47.443824777470496
grid-r013-c000,13,0,0.5,7.0,1.2000000476837158,-34.331019337712604,-47.36838274284844,-45.70897540551998
grid-r013-c001,13,1,1.0,7.0,1.2000000476837158,-33.46270168566611,-47.35534341840135,-44.79134740957586
grid-r013-c002,13,2,1.5,7.0,1.2000000476837158,-31.90643767377479,-47.343991556273295,-43.16262485061419
grid-r013-c003,13,3,2.0,7.0,1.2000000476837158,-33.26799939786163,-47.33491185870366,-44.41955339472257
grid-r013-c004,13,4,2.5,7.0,1.2000000476837158,-31.73102655918732,-47.328682566058205,-42.7344395256474
grid-r013-c005,13,5,3.0,7.0,1.2000000476837158,-31.251501969131397,-47.32575120731177,-42.05019773893575
grid-r013-c006,13,6,3.5,7.0,1.2000000476837158,-30.32630822931489,-47.32625150232985,-40.85079328933226
grid-r013-c007,13,7,4.0,7.0,1.2000000476837158,-29.152152986833705,-47.32980929162841,-39.32403725118099
grid-r013-c008,13,8,4.5,7.0,1.2000000476837158,-28.290465407684295,-47.3354741135719,-38.03242898132662
grid-r013-c009,13,9,5.0,7.0,1.2000000476837158,-27.110326157471214,-47.341996562225646,-36.362645537293766
grid-r013-c010,13,10,5.5,7.0,1.2000000476837158,-25.959660990261504,-47.34862370302456,-34.70045218319684
grid-r013-c011,13,11,6.0,7.0,1.2000000476837158,-24.582592113516142,-47.356288933158744,-32.845127820153095
grid-r013-c012,13,12,6.5,7.0,1.2000000476837158,-23.10265590557652,-47.36865139006135,-30.982528072655157
grid-r013-c013,13,13,7.0,7.0,1.2000000476837158,-21.354947636953064,-47.39228481126951,-29.004127687563077
grid-r013-c014,13,14,7.5,7.0,1.2000000476837158,-20.038019850311322,-47.4356351247343,-27.64855782099537
grid-r013-c015,13,15,8.0,7.0,1.2000000476837158,-19.96627550172728,-47.50686860079201,-27.748469916330855
grid-r013-c016,13,16,8.5,7.0,1.2000000476837158,-21.283625178603536,-47.61109447794963,-29.441681880803962
grid-r013-c017,13,17,9.0,7.0,1.2000000476837158,-22.842242038704377,-47.74776726382161,-31.548927171133315
grid-r013-c018,13,18,9.5,7.0,1.2000000476837158,-24.532522299144503,-47.9094333856007,-33.9060758893336
grid-r013-c019,13,19,10.0,7.0,1.2000000476837158,-25.842285112850604,-48.082879946846695,-35.931925992011344
grid-r013-c020,13,20,10.5,7.0,1.2000000476837158,-27.06562825718332,-48.252625181074315,-37.85154414722082
grid-r013-c021,13,21,11.0,7.0,1.2000000476837158,-28.383430876611236,-48.40515251599656,-39.79148569082258
grid-r013-c022,13,22,11.5,7.0,1.2000000476837158,-29.249462699308708,-48.53182165785223,-41.17417138569341
grid-r013-c023,13,23,12.0,7.0,1.2000000476837158,-30.031197890461748,-48.62948444579575,-42.358263758669544
grid-r013-c024,13,24,12.5,7.0,1.2000000476837158,-30.80618277627299,-48.69931591522455,-43.42874887812702
grid-r013-c025,13,25,13.0,7.0,1.2000000476837158,-31.76407346225986,-48.74500370414345,-44.59131116909781
grid-r013-c026,13,26,13.5,7.0,1.2000000476837158,-32.38339695520365,-48.77116766591638,-45.34302470346915
grid-r013-c027,13,27,14.0,7.0,1.2000000476837158,-36.58754152300115,-48.78233796561232,-49.62471187166248
grid-r013-c028,13,28,14.5,7.0,1.2000000476837158,-37.220355788116464,-48.782450415956724,-50.294929615665026
grid-r013-c029,13,29,15.0,7.0,1.2000000476837158,-34.802308692247735,-48.77468872345054,-47.88577423775115
grid-r014-c000,14,0,0.5,7.5,1.2000000476837158,-52.12582318492909,-47.381993111313285,-63.177242790159866
grid-r014-c001,14,1,1.0,7.5,1.2000000476837158,-37.63193540427811,-47.369987195087184,-48.5883462920609
grid-r014-c002,14,2,1.5,7.5,1.2000000476837158,-35.648504558053126,-47.35921533659554,-46.4794151089181
grid-r014-c003,14,3,2.0,7.5,1.2000000476837158,-32.816490683379726,-47.34992002148196,-43.48188013636384
grid-r014-c004,14,4,2.5,7.5,1.2000000476837158,-31.995558737722064,-47.342203860735815,-42.444105585914016
grid-r014-c005,14,5,3.0,7.5,1.2000000476837158,-32.008415442579036,-47.33590184651123,-42.176624873280815
grid-r014-c006,14,6,3.5,7.5,1.2000000476837158,-31.083135766012866,-47.330439325480775,-40.8966287842619
grid-r014-c007,14,7,4.0,7.5,1.2000000476837158,-30.17903157585863,-47.32474970908047,-39.55771755392617
grid-r014-c008,14,8,4.5,7.5,1.2000000476837158,-29.63191092171914,-47.317392492726384,-38.500637100426914
grid-r014-c009,14,9,5.0,7.5,1.2000000476837158,-28.224791161247722,-47.307041508584994,-36.52962698158761
grid-r014-c010,14,10,5.5,7.5,1.2000000476837158,-27.45405413693595,-47.29340843506715,-35.181421039142585
grid-r014-c011,14,11,6.0,7.5,1.2000000476837158,-26.09379456890764,-47.278379522152015,-33.286559907562605
grid-r014-c012,14,12,6.5,7.5,1.2000000476837158,-24.887122755960284,-47.266824931661716,-31.651251992777787
grid-r014-c013,14,13,7.0,7.5,1.2000000476837158,-23.89699371167596,-47.26649479090806,-30.395742120179317
grid-r014-c014,14,14,7.5,7.5,1.2000000476837158,-23.086526431225835,-47.28675310107532,-29.52403327255834
grid-r014-c015,14,15,8.0,7.5,1.2000000476837158,-23.114250871850636,-47.33635871634288,-29.712855954270243
grid-r014-c016,14,16,8.5,7.5,1.2000000476837158,-23.803309728297307,-47.420825848989466,-30.778207890841927
grid-r014-c017,14,17,9.0,7.5,1.2000000476837158,-24.94295368852135,-47.54014141476221,-32.47682144733824
grid-r014-c018,14,18,9.5,7.5,1.2000000476837158,-26.217944118587837,-47.687808404421844,-34.4391930350514
grid-r014-c019,14,19,10.0,7.5,1.2000000476837158,-27.47210836900217,-47.851961598216214,-36.44204822860547
grid-r014-c020,14,20,10.5,7.5,1.2000000476837158,-29.249292232592012,-48.01837231317038,-38.96240130644461
grid-r014-c021,14,21,11.0,7.5,1.2000000476837158,-29.675078645276287,-48.17404386286301,-40.07194157516092
grid-r014-c022,14,22,11.5,7.5,1.2000000476837158,-31.036937198292023,-48.309810588471315,-42.02442441232777
grid-r014-c023,14,23,12.0,7.5,1.2000000476837158,-30.993678101502866,-48.42115245250235,-42.46530978766641
grid-r014-c024,14,24,12.5,7.5,1.2000000476837158,-32.0889539972682,-48.507517819456176,-43.940490945360224
grid-r014-c025,14,25,13.0,7.5,1.2000000476837158,-34.31873519521349,-48.570972501876476,-46.457444575476416
grid-r014-c026,14,26,13.5,7.5,1.2000000476837158,-80.12778528178117,-48.614876426482574,-92.47629325497512
grid-r014-c027,14,27,14.0,7.5,1.2000000476837158,-60.11847957816562,-48.64292168539773,-72.61503909702718
grid-r014-c028,14,28,14.5,7.5,1.2000000476837158,-54.296509698722815,-48.65857163247853,-66.89337937018108
grid-r014-c029,14,29,15.0,7.5,1.2000000476837158,-53.990695878729284,-48.66480634164761,-66.65180664169952
grid-r015-c000,15,0,0.5,8.0,1.2000000476837158,-41.35051124124927,-47.39293013402802,-52.08147362435809
grid-r015-c001,15,1,1.0,8.0,1.2000000476837158,-44.015490138189136,-47.38106131639996,-54.60913671970918
grid-r015-c002,15,2,1.5,8.0,1.2000000476837158,-55.54271100486828,-47.36979901586868,-65.96269780797188
grid-r015-c003,15,3,2.0,8.0,1.2000000476837158,-37.54681748178999,-47.35906797738674,-47.74727132345107
grid-r015-c004,15,4,2.5,8.0,1.2000000476837158,-37.74154384701795,-47.34857119966093,-47.66587487707891
grid-r015-c005,15,5,3.0,8.0,1.2000000476837158,-37.155379520743764,-47.33768539163264,-46.73622057538468
grid-r015-c006,15,6,3.5,8.0,1.2000000476837158,-36.298115955817735,-47.32538161323786,-45.45953162878838
grid-r015-c007,15,7,4.0,8.0,1.2000000476837158,-37.64872266552114,-47.31025249835324,-46.31211061959934
grid-r015-c008,15,8,4.5,8.0,1.2000000476837158,-36.36684894760016,-47.290768362213285,-44.461697155986066
grid-r015-c009,15,9,5.0,8.0,1.2000000476837158,-35.705015307751154,-47.265875272601434,-43.1843823083378
grid-r015-c010,15,10,5.5,8.0,1.2000000476837158,-35.020230421126755,-47.23592340507284,-41.8784106312584
grid-r015-c011,15,11,6.0,8.0,1.2000000476837158,-33.41911600981837,-47.20366627066475,-39.70647289794348
grid-r015-c012,15,12,6.5,8.0,1.2000000476837158,-34.067590850227845,-47.174839260385085,-39.896947876955494
grid-r015-c013,15,13,7.0,8.0,1.2000000476837158,-32.127131346499375,-47.15783430318927,-37.66853082097534
grid-r015-c014,15,14,7.5,8.0,1.2000000476837158,-33.22234238503608,-47.16230427584673,-38.68700500781246
grid-r015-c015,15,15,8.0,8.0,1.2000000476837158,-33.87796024070714,-47.19695741470772,-39.49509557989526
grid-r015-c016,15,16,8.5,8.0,1.2000000476837158,-34.38199601894064,-47.2671189870999,-40.372637995896085
grid-r015-c017,15,17,9.0,8.0,1.2000000476837158,-36.34207576563493,-47.37281750844842,-42.893799370055575
grid-r015-c018,15,18,9.5,8.0,1.2000000476837158,-39.78309480543718,-47.50817449595982,-47.02975830827421
grid-r015-c019,15,19,10.0,8.0,1.2000000476837158,-37.01269682984007,-47.66254422518992,-45.023516466858624
grid-r015-c020,15,20,10.5,8.0,1.2000000476837158,-43.14754888620972,-47.82309636715548,-51.92805836308048
grid-r015-c021,15,21,11.0,8.0,1.2000000476837158,-43.626694977567546,-47.977791343656676,-53.130395427982634
grid-r015-c022,15,22,11.5,8.0,1.2000000476837158,-40.89296035748734,-48.11757971867538,-51.03899409209076
grid-r015-c023,15,23,12.0,8.0,1.2000000476837158,-48.675029612383,-48.23724306174012,-59.36625002450458
grid-r015-c024,15,24,12.5,8.0,1.2000000476837158,-42.55701290233071,-48.3350470327847,-53.69442818886814
grid-r015-c025,15,25,13.0,8.0,1.2000000476837158,-59.52267995326582,-48.41177363315756,-71.01478318899552
grid-r015-c026,15,26,13.5,8.0,1.2000000476837158,-54.46913609503612,-48.46966516020987,-66.23657698236936
grid-r015-c027,15,27,14.0,8.0,1.2000000476837158,-44.08188409640778,-48.51157786440147,-56.05879780850279
grid-r015-c028,15,28,14.5,8.0,1.2000000476837158,-54.336021563450785,-48.540426151536,-66.46937518116874
grid-r015-c029,15,29,15.0,8.0,1.2000000476837158,-56.93548783791937,-48.55887822720893,-69.18348168975237
grid-r016-c000,16,0,0.5,8.5,1.2000000476837158,-54.85127823147906,-47.40149125819937,-65.27777462450963
grid-r016-c001,16,1,1.0,8.5,1.2000000476837158,-57.6710713357423,-47.38911687791567,-67.92369527518028
grid-r016-c002,16,2,1.5,8.5,1.2000000476837158,-56.163583711695,-47.37667108937665,-66.20214189111199
grid-r016-c003,16,3,2.0,8.5,1.2000000476837158,-53.12838434304197,-47.363827030208284,-62.90370636298729
grid-r016-c004,16,4,2.5,8.5,1.2000000476837158,-41.57737524170959,-47.35000682951258,-51.03073107306163
grid-r016-c005,16,5,3.0,8.5,1.2000000476837158,-50.23381864672238,-47.33431542459621,-59.297586898965776
grid-r016-c006,16,6,3.5,8.5,1.2000000476837158,-48.05247510313873,-47.315527613929504,-56.65303621904661
grid-r016-c007,16,7,4.0,8.5,1.2000000476837158,-45.923292283614984,-47.292203086287294,-53.98725498237545
grid-r016-c008,16,8,4.5,8.5,1.2000000476837158,-41.45877197701129,-47.263022337999594,-48.92331677290289
grid-r016-c010,16,10,5.5,8.5,1.2000000476837158,-80.87166111751253,-47.186349633270474,-87.06346292328273
grid-r016-c011,16,11,6.0,8.5,1.2000000476837158,-80.12414732026164,-47.14324521319678,-85.73663291868814
grid-r016-c012,16,12,6.5,8.5,1.2000000476837158,-76.2042398538042,-47.104228194325984,-81.35272841878971
grid-r016-c013,16,13,7.0,8.5,1.2000000476837158,-54.750526945841344,-47.07771164078989,-59.60513261287556
grid-r016-c014,16,14,7.5,8.5,1.2000000476837158,-53.709703221845416,-47.07297617134502,-58.48027044262542
grid-r016-c015,16,15,8.0,8.5,1.2000000476837158,-54.653851039853706,-47.098104689276724,-59.56738006114642
grid-r016-c016,16,16,8.5,8.5,1.2000000476837158,-52.32735487091966,-47.15783924329666,-57.60227321951986
grid-r016-c017,16,17,9.0,8.5,1.2000000476837158,-56.20778091148799,-47.25205697220432,-62.02966957195318
grid-r016-c018,16,18,9.5,8.5,1.2000000476837158,-52.23885874799086,-47.375457781102796,-58.74199924988423
grid-r016-c019,16,19,10.0,8.5,1.2000000476837158,-48.03998814854947,-47.51867535170461,-55.298176736994286
grid-r016-c020,16,20,10.5,8.5,1.2000000476837158,-44.32116641021433,-47.67044293891346,-52.349089003892786
grid-r016-c021,16,21,11.0,8.5,1.2000000476837158,-44.73667813573539,-47.819988718185414,-53.500172332389866
grid-r016-c022,16,22,11.5,8.5,1.2000000476837158,-46.927421718035035,-47.95882922932491,-56.35865263222296
grid-r016-c023,16,23,12.0,8.5,1.2000000476837158,-56.84042662847236,-48.0815521802946,-66.85355089481678
grid-r016-c024,16,24,12.5,8.5,1.2000000476837158,-52.535339985259824,-48.18568739843967,-63.039474362529376
grid-r016-c025,16,25,13.0,8.5,1.2000000476837158,-52.021414083444625,-48.27104684138855,-62.92957912143748
grid-r016-c026,16,26,13.5,8.5,1.2000000476837158,-55.010887468144375,-48.33892011862864,-66.24507768898077
grid-r016-c027,16,27,14.0,8.5,1.2000000476837158,-56.898616476960356,-48.39137074939542,-68.39189536678191
grid-r016-c028,16,28,14.5,8.5,1.2000000476837158,-56.91991605317017,-48.43072766349475,-68.61657753636001
grid-r016-c029,16,29,15.0,8.5,1.2000000476837158,-54.24786144628787,-48.45926945920564,-66.10252481968772
grid-r017-c000,17,0,0.5,9.0,1.2000000476837158,-56.999140674438365,-47.408201365869246,-67.14513621220006
grid-r017-c001,17,1,1.0,9.0,1.2000000476837158,-65.00242180033712,-47.39496141076025,-74.9452471007669
grid-r017-c002,17,2,1.5,9.0,1.2000000476837158,-73.7371651967458,-47.381027539915834,-83.4349394380946
grid-r017-c003,17,3,2.0,9.0,1.2000000476837158,-56.41433485381674,-47.36590917092088,-65.81723378851916
grid-r017-c004,17,4,2.5,9.0,1.2000000476837158,-52.377281471817625,-47.348879248089986,-61.42753391471388
grid-r017-c005,17,5,3.0,9.0,1.2000000476837158,-51.21519886657188,-47.32895017807299,-59.84836135052245
grid-r017-c006,17,6,3.5,9.0,1.2000000476837158,-48.42309549320048,-47.30491764061007,-56.57138620460597
grid-r017-c007,17,7,4.0,9.0,1.2000000476837158,-47.249276647923054,-47.275532289161085,-54.847773763729485
grid-r017-c008,17,8,4.5,9.0,1.2000000476837158,-47.3062602136838,-47.23986073115008,-54.30242358070608
grid-r017-c009,17,9,5.0,9.0,1.2000000476837158,-46.04007696965979,-47.19785618604934,-52.40614004703998
grid-r017-c010,17,10,5.5,9.0,1.2000000476837158,-44.75285666504922,-47.1510563598337,-50.499201218350294
grid-r017-c011,17,11,6.0,9.0,1.2000000476837158,-43.881019937310064,-47.10318151624127,-49.06720549030884
grid-r017-c012,17,12,6.5,9.0,1.2000000476837158,-42.834917133128165,-47.06030253877407,-47.574501097252195
grid-r017-c013,17,13,7.0,9.0,1.2000000476837158,-42.68417842949291,-47.03029543362458,-47.14052602951676
grid-r017-c014,17,14,7.5,9.0,1.2000000476837158,-42.340402754092324,-47.02153089485869,-46.713110102704675
grid-r017-c015,17,15,8.0,9.0,1.2000000476837158,-42.22382914306341,-47.04106995086536,-46.72804059330406
grid-r017-c016,17,16,8.5,9.0,1.2000000476837158,-42.460480798988826,-47.09288867766421,-47.30317336117586
grid-r017-c017,17,17,9.0,9.0,1.2000000476837158,-42.88468958277374,-47.176720054724974,-48.242571218319306
grid-r017-c018,17,18,9.5,9.0,1.2000000476837158,-43.64398171051206,-47.28793900831448,-49.64716291847899
grid-r017-c019,17,19,10.0,9.0,1.2000000476837158,-44.43136886717805,-47.418557373499205,-51.15554491384732
grid-r017-c020,17,20,10.5,9.0,1.2000000476837158,-41.66319375879897,-47.558972158285385,-49.13089402156413
grid-r017-c021,17,21,11.0,9.0,1.2000000476837158,-41.06703868728657,-47.69984373263773,-49.25618739321485
grid-r017-c022,17,22,11.5,9.0,1.2000000476837158,-47.438615766939435,-47.83352423081821,-56.29513519572134
grid-r017-c023,17,23,12.0,9.0,1.2000000476837158,-49.82358960073712,-47.95475257502828,-59.27460718174349
grid-r017-c024,17,24,12.5,9.0,1.2000000476837158,-51.244846396317755,-48.06066769905328,-61.210006526884655
grid-r017-c025,17,25,13.0,9.0,1.2000000476837158,-55.25328672370124,-48.15038755704058,-65.65300520205328
grid-r017-c026,17,26,13.5,9.0,1.2000000476837158,-69.12218577770741,-48.22442457149695,-79.8827924321243
grid-r017-c027,17,27,14.0,9.0,1.2000000476837158,-65.68927488726689,-48.28412858876774,-76.74561229762668
grid-r017-c028,17,28,14.5,9.0,1.2000000476837158,-56.8084619514066,-48.33124916791165,-68.10469828039157
grid-r017-c029,17,29,15.0,9.0,1.2000000476837158,-55.42842932186315,-48.36763594389124,-66.91777475671587
grid-r018-c000,18,0,0.5,9.5,1.2000000476837158,-61.23339784100105,-47.41368375305885,-71.12850593516093
grid-r018-c001,18,1,1.0,9.5,1.2000000476837158,-63.12023919796724,-47.39947638293414,-72.79076464402479
grid-r018-c002,18,2,1.5,9.5,1.2000000476837158,-64.21082231690157,-47.384079153271024,-73.61520734074628
grid-r018-c003,18,3,2.0,9.5,1.2000000476837158,-69.35117088946704,-47.366926894648664,-78.44127645957296
grid-r018-c004,18,4,2.5,9.5,1.2000000476837158,-60.46332617301928,-47.34726164778096,-69.18493055908375
grid-r018-c005,18,5,3.0,9.5,1.2000000476837158,-51.77905644579057,-47.32414565251988,-60.07357712271818
grid-r018-c006,18,6,3.5,9.5,1.2000000476837158,-41.4884382108469,-47.296544809993634,-49.296464359320126
grid-r018-c007,18,7,4.0,9.5,1.2000000476837158,-49.041752903220754,-47.26352524935853,-56.30892422672852
grid-r018-c008,18,8,4.5,9.5,1.2000000476837158,-49.01406456868442,-47.224596730135886,-55.699495167006575
grid-r018-c009,18,9,5.0,9.5,1.2000000476837158,-48.61861896212726,-47.18019545099989,-54.70533640045184
grid-r018-c010,18,10,5.5,9.5,1.2000000476837158,-47.366741928491024,-47.13221834163698,-52.872555437882475
grid-r018-c011,18,11,6.0,9.5,1.2000000476837158,-46.376712731838396,-47.08442219213465,-51.36290179158172
grid-r018-c012,18,12,6.5,9.5,1.2000000476837158,-46.46028866853109,-47.042442795093976,-51.0351158890487
grid-r018-c013,18,13,7.0,9.5,1.2000000476837158,-45.527472956806164,-47.01324153815645,-49.84226622196344
grid-r018-c014,18,14,7.5,9.5,1.2000000476837158,-45.70984639260483,-47.00397072561512,-49.94720930529147
grid-r018-c015,18,15,8.0,9.5,1.2000000476837158,-45.84053220812076,-47.02049712572003,-50.19644321169287
grid-r018-c016,18,16,8.5,9.5,1.2000000476837158,-45.968119680847806,-47.06601212444689,-50.631385034884055
grid-r018-c017,18,17,9.0,9.5,1.2000000476837158,-46.76855592394813,-47.140183658989734,-51.9017289639121
grid-r018-c018,18,18,9.5,9.5,1.2000000476837158,-47.530215402415394,-47.23914224887067,-53.25558767205135
grid-r018-c019,18,19,10.0,9.5,1.2000000476837158,-48.422253379066206,-47.35629977922671,-54.81508417273076
grid-r018-c020,18,20,10.5,9.5,1.2000000476837158,-47.95602035499088,-47.48370393021033,-55.04524894689631
grid-r018-c021,18,21,11.0,9.5,1.2000000476837158,-46.8241139693304,-47.61347580840764,-54.599023927267496
grid-r018-c022,18,22,11.5,9.5,1.2000000476837158,-47.852585255484584,-47.73892980733612,-56.272853746810526
grid-r018-c023,18,23,12.0,9.5,1.2000000476837158,-51.003189107050076,-47.855175199876264,-60.00968731651918
grid-r018-c024,18,24,12.5,9.5,1.2000000476837158,-60.319616216664684,-47.95921836361743,-69.84400211439575
grid-r018-c025,18,25,13.0,9.5,1.2000000476837158,-66.7447717312445,-48.049720279619706,-76.71686477037423
grid-r018-c026,18,26,13.5,9.5,1.2000000476837158,-63.028396400999625,-48.126593155637956,-73.38114222985806
grid-r018-c027,18,27,14.0,9.5,1.2000000476837158,-44.17380607956015,-48.19057919535754,-54.8461455846105
grid-r018-c028,18,28,14.5,9.5,1.2000000476837158,-56.681032646523306,-48.242892368244014,-67.61919414142322
grid-r018-c029,18,29,15.0,9.5,1.2000000476837158,-56.47408729238791,-48.28495193826875,-67.63182331847335
grid-r019-c000,19,0,0.5,10.0,1.2000000476837158,-56.36918245316819,-47.41855363428853,-66.04630385127572
grid-r019-c001,19,1,1.0,10.0,1.2000000476837158,-61.37776162218658,-47.403478041909395,-70.81663611449531
grid-r019-c002,19,2,1.5,10.0,1.2000000476837158,-43.83131581611801,-47.38687626925836,-52.992357173954545
grid-r019-c003,19,3,2.0,10.0,1.2000000476837158,-47.99080195386382,-47.36818377053461,-56.82935121948702
grid-r019-c004,19,4,2.5,10.0,1.2000000476837158,-55.082969702666745,-47.34670043153361,-63.550180301510515
grid-r019-c005,19,5,3.0,10.0,1.2000000476837158,-49.675391454615934,-47.32163054323344,-57.72022101132998
grid-r019-c006,19,6,3.5,10.0,1.2000000476837158,-51.36131273199656,-47.29218712835,-58.93403241698167
grid-r019-c007,19,7,4.0,10.0,1.2000000476837158,-52.90159616544928,-47.257787095164716,-59.959132948728225
grid-r019-c008,19,8,4.5,10.0,1.2000000476837158,-61.88155298131498,-47.21835013204159,-68.39467425336093
grid-r019-c009,19,9,5.0,10.0,1.2000000476837158,-63.701650468582244,-47.17467834068454,-69.6634361432562
grid-r019-c010,19,10,5.5,10.0,1.2000000476837158,-58.634098048119924,-47.12883524213019,-64.06839325670738
grid-r019-c011,19,11,6.0,10.0,1.2000000476837158,-57.11229063807468,-47.08438055943639,-62.08014604280171
grid-r019-c012,19,12,6.5,10.0,1.2000000476837158,-56.5399585132902,-47.04629065506541,-61.141837198004744
grid-r019-c013,19,13,7.0,10.0,1.2000000476837158,-55.421234165262405,-47.02044579552968,-59.79331974396887
grid-r019-c014,19,14,7.5,10.0,1.2000000476837158,-53.31425096873231,-47.01270348825979,-57.61852626946958
grid-r019-c015,19,15,8.0,10.0,1.2000000476837158,-53.281749282116365,-47.02775384977124,-57.69120024669831
grid-r019-c016,19,16,8.5,10.0,1.2000000476837158,-53.40610551246451,-47.06808080334024,-58.08779234325638
grid-r019-c017,19,17,9.0,10.0,1.2000000476837158,-52.14785711958183,-47.1333572096276,-57.24716394669403
grid-r019-c018,19,18,9.5,10.0,1.2000000476837158,-53.097466736719156,-47.220467908250875,-58.72642638841347
grid-r019-c019,19,19,10.0,10.0,1.2000000476837158,-55.01171712899331,-47.324138029996455,-61.24310995993053
grid-r019-c020,19,20,10.5,10.0,1.2000000476837158,-49.89353470024358,-47.437943971401246,-56.76093093567971
grid-r019-c021,19,21,11.0,10.0,1.2000000476837158,-45.315638563844715,-47.55539031453819,-52.818217448599725
grid-r019-c022,19,22,11.5,10.0,1.2000000476837158,-48.72133974228858,-47.670776255957705,-56.83156772981765
grid-r019-c023,19,23,12.0,10.0,1.2000000476837158,-50.11536175143691,-47.779705954189396,-58.78755092045044
grid-r019-c024,19,24,12.5,10.0,1.2000000476837158,-61.220676244780435,-47.87924004331012,-70.3988956910645
grid-r019-c025,19,25,13.0,10.0,1.2000000476837158,-60.18643152140221,-47.967779936467046,-69.81090070585864
grid-r019-c026,19,26,13.5,10.0,1.2000000476837158,-59.8557355535378,-48.04480602566662,-69.86742500988014
grid-r019-c027,19,27,14.0,10.0,1.2000000476837158,-56.57088871929713,-48.110573283222585,-66.91445692059733
grid-r019-c028,19,28,14.5,10.0,1.2000000476837158,-62.40970789007545,-48.16583094289187,-73.03510132698801
grid-r019-c029,19,29,15.0,10.0,1.2000000476837158,-53.95766311572808,-48.211597595290186,-64.8207526637803
grid-r020-c000,20,0,0.5,10.5,1.2000000476837158,-55.592287048537386,-47.42334540294679,-65.08548281201217
grid-r020-c001,20,1,1.0,10.5,1.2000000476837158,-60.98806992394637,-47.40763285513563,-70.23640403472491
grid-r020-c002,20,2,1.5,10.5,1.2000000476837158,-56.22184115897589,-47.3902185297996,-65.18888755198333
grid-r020-c003,20,3,2.0,10.5,1.2000000476837158,-59.311882846161595,-47.370592202827375,-67.95763250052184
grid-r020-c004,20,4,2.5,10.5,1.2000000476837158,-55.13006180094783,-47.348166005596774,-63.41206253155776
grid-r020-c005,20,5,3.0,10.5,1.2000000476837158,-51.10136652167927,-47.322330026095976,-58.97681480869434
grid-r020-c006,20,6,3.5,10.5,1.2000000476837158,-49.9478859418242,-47.292561280714516,-57.37693421835176
grid-r020-c007,20,7,4.0,10.5,1.2000000476837158,-52.095680720112995,-47.25859970244259,-59.04611014690663
grid-r020-c008,20,8,4.5,10.5,1.2000000476837158,-50.72944044526422,-47.220690572184864,-57.18258784907673
grid-r020-c009,20,9,5.0,10.5,1.2000000476837158,-50.12363574474449,-47.17986446781357,-56.08104096364154
grid-r020-c010,20,10,5.5,10.5,1.2000000476837158,-48.8244007267333,-47.13818639172136,-54.314124672525224
grid-r020-c011,20,11,6.0,10.5,1.2000000476837158,-48.15814210715344,-47.09886989223359,-53.23927336881639
grid-r020-c012,20,12,6.5,10.5,1.2000000476837158,-47.49340770428577,-47.06614498200804,-52.25717671221419
grid-r020-c013,20,13,7.0,10.5,1.2000000476837158,-46.86087821471696,-47.044813925414104,-51.42723333981991
grid-r020-c014,20,14,7.5,10.5,1.2000000476837158,-46.662262029132194,-47.039527597112794,-51.17172678937541
grid-r020-c015,20,15,8.0,10.5,1.2000000476837158,-47.1342672169599,-47.05393312645209,-51.73611501120083
grid-r020-c016,20,16,8.5,10.5,1.2000000476837158,-47.10635712380936,-47.08992340879946,-51.945163958966255
grid-r020-c017,20,17,9.0,10.5,1.2000000476837158,-47.39319446815165,-47.14721294486758,-52.596267977560494
grid-r020-c018,20,18,9.5,10.5,1.2000000476837158,-47.857551080798686,-47.223365995915955,-53.52543598288553
grid-r020-c019,20,19,10.0,10.5,1.2000000476837158,-48.555036119602576,-47.31425417526982,-54.756407027848425
grid-r020-c020,20,20,10.5,10.5,1.2000000476837158,-49.66870949876396,-47.414788653973424,-56.439831692333726
grid-r020-c021,20,21,11.0,10.5,1.2000000476837158,-49.97094197847227,-47.51971196024924,-57.31889899350103
grid-r020-c022,20,22,11.5,10.5,1.2000000476837158,-41.54340248762155,-47.62425965563545,-49.45172441341825
grid-r020-c023,20,23,12.0,10.5,1.2000000476837158,-50.55838654537705,-47.724584409607004,-58.99362742769317
grid-r020-c024,20,24,12.5,10.5,1.2000000476837158,-54.03562600191188,-47.817927220294656,-62.95371472096584
grid-r020-c025,20,25,13.0,10.5,1.2000000476837158,-55.209431622111694,-47.902586145272146,-64.56105935360273
grid-r020-c026,20,26,13.5,10.5,1.2000000476837158,-60.433916220865,-47.97775958791301,-70.16864930587724
grid-r020-c027,20,27,14.0,10.5,1.2000000476837158,-62.21904841163335,-48.04333666941602,-72.28816921629864
grid-r020-c028,20,28,14.5,10.5,1.2000000476837158,-56.43905258505677,-48.09968695291333,-66.79730992911702
grid-r020-c029,20,29,15.0,10.5,1.2000000476837158,-53.797752832677446,-48.1474789818852,-64.40427171671054
