grid_id,row,column,x,y,z,sionna_rssi_dbm,path_gain_linear
grid-r000-c000,0,0,0.5,0.5,1.2000000476837158,-33.816159366054954,4.153211648372235e-06
grid-r000-c001,0,1,1.0,0.5,1.2000000476837158,-34.32814052097959,3.6913561416440643e-06
grid-r000-c002,0,2,1.5,0.5,1.2000000476837158,-35.263249489338094,2.976288669742644e-06
grid-r000-c003,0,3,2.0,0.5,1.2000000476837158,-34.104185064584,3.886704234901117e-06
grid-r000-c004,0,4,2.5,0.5,1.2000000476837158,-37.25666381793438,1.8807610331350588e-06
grid-r000-c005,0,5,3.0,0.5,1.2000000476837158,-35.142805524663956,3.0599860565416748e-06
grid-r000-c006,0,6,3.5,0.5,1.2000000476837158,-35.20795757981809,3.014423327840632e-06
grid-r000-c007,0,7,4.0,0.5,1.2000000476837158,-31.89320330624902,6.466654667747207e-06
grid-r000-c008,0,8,4.5,0.5,1.2000000476837158,-37.87882330741147,1.6297375395879499e-06
grid-r000-c009,0,9,5.0,0.5,1.2000000476837158,-33.03027388908205,4.977056960342452e-06
grid-r000-c010,0,10,5.5,0.5,1.2000000476837158,-36.00868338823111,2.5068691229535034e-06
grid-r000-c011,0,11,6.0,0.5,1.2000000476837158,-33.19499199843669,4.791823357663816e-06
grid-r000-c012,0,12,6.5,0.5,1.2000000476837158,-33.825311860972036,4.144468221056741e-06
grid-r000-c013,0,13,7.0,0.5,1.2000000476837158,-33.7336990160017,4.232822902849875e-06
grid-r000-c014,0,14,7.5,0.5,1.2000000476837158,-34.55573476311169,3.5028901947953273e-06
grid-r000-c015,0,15,8.0,0.5,1.2000000476837158,-32.950913408244574,5.068840891908621e-06
grid-r000-c016,0,16,8.5,0.5,1.2000000476837158,-34.20253168553825,3.7996783248672727e-06
grid-r000-c017,0,17,9.0,0.5,1.2000000476837158,-34.1698943133678,3.828340595646296e-06
grid-r000-c018,0,18,9.5,0.5,1.2000000476837158,-33.81083061069093,4.158310730417725e-06
grid-r000-c019,0,19,10.0,0.5,1.2000000476837158,-34.03314608885442,3.950803147745319e-06
grid-r000-c020,0,20,10.5,0.5,1.2000000476837158,-33.892646640611794,4.080706275999546e-06
grid-r000-c021,0,21,11.0,0.5,1.2000000476837158,-33.79763740118779,4.170962256466737e-06
grid-r000-c022,0,22,11.5,0.5,1.2000000476837158,-33.845842787124376,4.124921815673588e-06
grid-r000-c023,0,23,12.0,0.5,1.2000000476837158,-37.109685358132836,1.9455010260571726e-06
grid-r000-c024,0,24,12.5,0.5,1.2000000476837158,-34.528175988306025,3.5251889585197205e-06
grid-r000-c025,0,25,13.0,0.5,1.2000000476837158,-37.34140977332312,1.8444166016706731e-06
grid-r000-c026,0,26,13.5,0.5,1.2000000476837158,-34.922126361803045,3.2194921004702337e-06
grid-r000-c027,0,27,14.0,0.5,1.2000000476837158,-35.86802215314732,2.5893918973451946e-06
grid-r000-c028,0,28,14.5,0.5,1.2000000476837158,-37.61560311901895,1.7315685454377672e-06
grid-r000-c029,0,29,15.0,0.5,1.2000000476837158,-35.01309405045649,3.1527576993539697e-06
grid-r001-c000,1,0,0.5,1.0,1.2000000476837158,-36.31013509011699,2.3387644887407077e-06
grid-r001-c001,1,1,1.0,1.0,1.2000000476837158,-33.6261535238246,4.338950020610355e-06
grid-r001-c002,1,2,1.5,1.0,1.2000000476837158,-33.6747240583816,4.290694505471038e-06
grid-r001-c003,1,3,2.0,1.0,1.2000000476837158,-36.48975139514515,2.2440103748522233e-06
grid-r001-c004,1,4,2.5,1.0,1.2000000476837158,-32.37116099302034,5.792738193122204e-06
grid-r001-c005,1,5,3.0,1.0,1.2000000476837158,-34.56899478912624,3.4922113627544604e-06
grid-r001-c006,1,6,3.5,1.0,1.2000000476837158,-36.46872322672746,2.254902028653305e-06
grid-r001-c007,1,7,4.0,1.0,1.2000000476837158,-32.51571422173165,5.603102636086987e-06
grid-r001-c008,1,8,4.5,1.0,1.2000000476837158,-34.14900477822296,3.846799245366128e-06
grid-r001-c009,1,9,5.0,1.0,1.2000000476837158,-33.04042302676186,4.9654395297693554e-06
grid-r001-c010,1,10,5.5,1.0,1.2000000476837158,-33.03540091313616,4.971184807800455e-06
grid-r001-c011,1,11,6.0,1.0,1.2000000476837158,-32.472056784884806,5.659711860062089e-06
grid-r001-c012,1,12,6.5,1.0,1.2000000476837158,-31.51671873543455,7.052256933093304e-06
grid-r001-c013,1,13,7.0,1.0,1.2000000476837158,-32.51591161112291,5.602847977570491e-06
grid-r001-c014,1,14,7.5,1.0,1.2000000476837158,-32.09813577895222,6.168597337818937e-06
grid-r001-c015,1,15,8.0,1.0,1.2000000476837158,-32.43224726916077,5.711829999199836e-06
grid-r001-c016,1,16,8.5,1.0,1.2000000476837158,-31.615018598967225,6.894426405779086e-06
grid-r001-c017,1,17,9.0,1.0,1.2000000476837158,-32.2692898470497,5.930222869210411e-06
grid-r001-c018,1,18,9.5,1.0,1.2000000476837158,-32.65436001034083,5.4270522014121525e-06
grid-r001-c019,1,19,10.0,1.0,1.2000000476837158,-31.87506997878291,6.493711680377601e-06
grid-r001-c020,1,20,10.5,1.0,1.2000000476837158,-34.39758031765663,3.6328040096123004e-06
grid-r001-c021,1,21,11.0,1.0,1.2000000476837158,-32.90757699456157,5.119673915032763e-06
grid-r001-c022,1,22,11.5,1.0,1.2000000476837158,-36.54506319256991,2.2156118575367145e-06
grid-r001-c023,1,23,12.0,1.0,1.2000000476837158,-32.530355932598106,5.584244263445726e-06
grid-r001-c024,1,24,12.5,1.0,1.2000000476837158,-34.42903788918568,3.606585323723266e-06
grid-r001-c025,1,25,13.0,1.0,1.2000000476837158,-35.032244765266014,3.1388858587888535e-06
grid-r001-c026,1,26,13.5,1.0,1.2000000476837158,-35.084367872352786,3.101438778685406e-06
grid-r001-c027,1,27,14.0,1.0,1.2000000476837158,-36.68016842142208,2.147747181879822e-06
grid-r001-c028,1,28,14.5,1.0,1.2000000476837158,-37.859196610513905,1.6371193396480521e-06
grid-r001-c029,1,29,15.0,1.0,1.2000000476837158,-36.20076356867152,2.3984111976460554e-06
grid-r002-c000,2,0,0.5,1.5,1.2000000476837158,-35.31882930426021,2.9384416393440915e-06
grid-r002-c001,2,1,1.0,1.5,1.2000000476837158,-34.707986392444255,3.3822161640273407e-06
grid-r002-c002,2,2,1.5,1.5,1.2000000476837158,-33.438879059330674,4.530144906311762e-06
grid-r002-c003,2,3,2.0,1.5,1.2000000476837158,-32.78627636751938,5.2646846597781405e-06
grid-r002-c004,2,4,2.5,1.5,1.2000000476837158,-33.451575629150526,4.516920398600632e-06
grid-r002-c005,2,5,3.0,1.5,1.2000000476837158,-33.89776474254341,4.075900051248027e-06
grid-r002-c006,2,6,3.5,1.5,1.2000000476837158,-33.664823113798036,4.300487489672378e-06
grid-r002-c007,2,7,4.0,1.5,1.2000000476837158,-32.05878467172407,6.224744538485538e-06
grid-r002-c008,2,8,4.5,1.5,1.2000000476837158,-31.666977151992597,6.812433639424853e-06
grid-r002-c009,2,9,5.0,1.5,1.2000000476837158,-31.38929991466312,7.262230155902216e-06
grid-r002-c010,2,10,5.5,1.5,1.2000000476837158,-31.81669729750194,6.58158160149469e-06
grid-r002-c011,2,11,6.0,1.5,1.2000000476837158,-31.27716030962069,7.452190857293317e-06
grid-r002-c012,2,12,6.5,1.5,1.2000000476837158,-31.980319794052853,6.3382303778780624e-06
grid-r002-c013,2,13,7.0,1.5,1.2000000476837158,-30.148636939361218,9.663541277404875e-06
grid-r002-c014,2,14,7.5,1.5,1.2000000476837158,-30.638542219237934,8.632682693132665e-06
grid-r002-c015,2,15,8.0,1.5,1.2000000476837158,-30.81447394094593,8.289963261631783e-06
grid-r002-c016,2,16,8.5,1.5,1.2000000476837158,-30.564183565592053,8.781761607679073e-06
grid-r002-c017,2,17,9.0,1.5,1.2000000476837158,-30.715451644756932,8.481151780870277e-06
grid-r002-c018,2,18,9.5,1.5,1.2000000476837158,-31.925368479687457,6.418937573471339e-06
grid-r002-c019,2,19,10.0,1.5,1.2000000476837158,-30.84880956399993,8.224680641433224e-06
grid-r002-c020,2,20,10.5,1.5,1.2000000476837158,-32.21439916124851,6.005650902807247e-06
grid-r002-c021,2,21,11.0,1.5,1.2000000476837158,-31.985236071820395,6.331059466901934e-06
grid-r002-c022,2,22,11.5,1.5,1.2000000476837158,-31.43209646483775,7.191017630248098e-06
grid-r002-c023,2,23,12.0,1.5,1.2000000476837158,-33.51769621729303,4.448671916179592e-06
grid-r002-c024,2,24,12.5,1.5,1.2000000476837158,-34.22488576885563,3.7801708003826207e-06
grid-r002-c025,2,25,13.0,1.5,1.2000000476837158,-34.54737483910976,3.509639554977184e-06
grid-r002-c026,2,26,13.5,1.5,1.2000000476837158,-35.17677033485174,3.0361482004082063e-06
grid-r002-c027,2,27,14.0,1.5,1.2000000476837158,-35.598378295171315,2.7552573556022253e-06
grid-r002-c028,2,28,14.5,1.5,1.2000000476837158,-35.74346139425672,2.664733983692713e-06
grid-r002-c029,2,29,15.0,1.5,1.2000000476837158,-36.287542318852985,2.3509628590545617e-06
grid-r003-c000,3,0,0.5,2.0,1.2000000476837158,-34.912284561155204,3.226796252420172e-06
grid-r003-c001,3,1,1.0,2.0,1.2000000476837158,-34.29312255699269,3.7212405459285947e-06
grid-r003-c002,3,2,1.5,2.0,1.2000000476837158,-36.7124865771367,2.131823976014857e-06
grid-r003-c003,3,3,2.0,2.0,1.2000000476837158,-36.084044084707415,2.4637440674268873e-06
grid-r003-c004,3,4,2.5,2.0,1.2000000476837158,-34.207853968232634,3.795024667851976e-06
grid-r003-c005,3,5,3.0,2.0,1.2000000476837158,-33.90478269412362,4.069318947585998e-06
grid-r003-c006,3,6,3.5,2.0,1.2000000476837158,-33.56588095624345,4.399586941872258e-06
grid-r003-c007,3,7,4.0,2.0,1.2000000476837158,-32.93138422607118,5.091685579827754e-06
grid-r003-c008,3,8,4.5,2.0,1.2000000476837158,-32.36768383357722,5.797377980343299e-06
grid-r003-c009,3,9,5.0,2.0,1.2000000476837158,-32.999103551850524,5.012906967749586e-06
grid-r003-c010,3,10,5.5,2.0,1.2000000476837158,-31.862677587936822,6.512267646030523e-06
grid-r003-c011,3,11,6.0,2.0,1.2000000476837158,-31.89586327390451,6.4626951825630385e-06
grid-r003-c012,3,12,6.5,2.0,1.2000000476837158,-30.985368056212877,7.970089427544735e-06
grid-r003-c013,3,13,7.0,2.0,1.2000000476837158,-31.111722933425114,7.741546141915023e-06
grid-r003-c014,3,14,7.5,2.0,1.2000000476837158,-31.368499077432332,7.297096544789383e-06
grid-r003-c015,3,15,8.0,2.0,1.2000000476837158,-30.924381469272802,8.082800377451349e-06
grid-r003-c016,3,16,8.5,2.0,1.2000000476837158,-32.044778426385385,6.244852102099685e-06
grid-r003-c017,3,17,9.0,2.0,1.2000000476837158,-31.1597671780681,7.656376510567497e-06
grid-r003-c018,3,18,9.5,2.0,1.2000000476837158,-32.63867159848991,5.446692284749588e-06
grid-r003-c019,3,19,10.0,2.0,1.2000000476837158,-33.04319574593062,4.962270395481028e-06
grid-r003-c020,3,20,10.5,2.0,1.2000000476837158,-33.171002097531705,4.818366051040357e-06
grid-r003-c021,3,21,11.0,2.0,1.2000000476837158,-32.79726168470343,5.251384664006764e-06
grid-r003-c022,3,22,11.5,2.0,1.2000000476837158,-33.69941244612974,4.266372343408875e-06
grid-r003-c023,3,23,12.0,2.0,1.2000000476837158,-32.60890689027323,5.484149824042106e-06
grid-r003-c024,3,24,12.5,2.0,1.2000000476837158,-33.98082969770321,3.9986834963201545e-06
grid-r003-c025,3,25,13.0,2.0,1.2000000476837158,-33.18175872206278,4.806446668226272e-06
grid-r003-c026,3,26,13.5,2.0,1.2000000476837158,-35.26851835530293,2.9726800221396843e-06
grid-r003-c027,3,27,14.0,2.0,1.2000000476837158,-36.99371054535555,1.998153948079562e-06
grid-r003-c028,3,28,14.5,2.0,1.2000000476837158,-37.1767166062671,1.915703705890337e-06
grid-r003-c029,3,29,15.0,2.0,1.2000000476837158,-36.45048097493046,2.2643935153610073e-06
grid-r004-c000,4,0,0.5,2.5,1.2000000476837158,-35.95369856630337,2.538809667385067e-06
grid-r004-c001,4,1,1.0,2.5,1.2000000476837158,-35.73891761534708,2.6675234039430507e-06
grid-r004-c002,4,2,1.5,2.5,1.2000000476837158,-34.963486492203934,3.1889767342363484e-06
grid-r004-c003,4,3,2.0,2.5,1.2000000476837158,-34.57755229855416,3.4853369470511097e-06
grid-r004-c004,4,4,2.5,2.5,1.2000000476837158,-34.16468298353577,3.832937181869056e-06
grid-r004-c005,4,5,3.0,2.5,1.2000000476837158,-34.77811899015673,3.3280366551480256e-06
grid-r004-c006,4,6,3.5,2.5,1.2000000476837158,-36.92096732012779,2.0319043869676534e-06
grid-r004-c007,4,7,4.0,2.5,1.2000000476837158,-33.656777850804446,4.308461484470172e-06
grid-r004-c008,4,8,4.5,2.5,1.2000000476837158,-32.64188501493212,5.442663677968085e-06
grid-r004-c009,4,9,5.0,2.5,1.2000000476837158,-32.19120086701936,6.037816547177499e-06
grid-r004-c010,4,10,5.5,2.5,1.2000000476837158,-32.064397046632536,6.216705514816567e-06
grid-r004-c011,4,11,6.0,2.5,1.2000000476837158,-31.653910911060322,6.832960480096517e-06
grid-r004-c012,4,12,6.5,2.5,1.2000000476837158,-31.005076174085424,7.934003406262491e-06
grid-r004-c013,4,13,7.0,2.5,1.2000000476837158,-31.108664226385663,7.747000381641556e-06
grid-r004-c014,4,14,7.5,2.5,1.2000000476837158,-30.271509675702703,9.393967047799379e-06
grid-r004-c015,4,15,8.0,2.5,1.2000000476837158,-30.317521178648256,9.294967640016694e-06
grid-r004-c016,4,16,8.5,2.5,1.2000000476837158,-29.804334863741182,1.046083889377769e-05
grid-r004-c017,4,17,9.0,2.5,1.2000000476837158,-31.246554488888385,7.504893801524304e-06
grid-r004-c018,4,18,9.5,2.5,1.2000000476837158,-30.878325297165084,8.16897318145493e-06
grid-r004-c019,4,19,10.0,2.5,1.2000000476837158,-31.441409606147097,7.17561351848417e-06
grid-r004-c020,4,20,10.5,2.5,1.2000000476837158,-30.70719753017029,8.49728621687973e-06
grid-r004-c021,4,21,11.0,2.5,1.2000000476837158,-33.65315581254094,4.312056262278929e-06
grid-r004-c022,4,22,11.5,2.5,1.2000000476837158,-33.48454974073456,4.482755230128532e-06
grid-r004-c023,4,23,12.0,2.5,1.2000000476837158,-36.95925122509642,2.0140714696026407e-06
grid-r004-c024,4,24,12.5,2.5,1.2000000476837158,-35.86452617594739,2.5914771413226845e-06
grid-r004-c025,4,25,13.0,2.5,1.2000000476837158,-36.36850515746601,2.3075413082551677e-06
grid-r004-c026,4,26,13.5,2.5,1.2000000476837158,-33.74087811881686,4.225831617077347e-06
grid-r004-c027,4,27,14.0,2.5,1.2000000476837158,-34.73254734832391,3.3631424685154343e-06
grid-r004-c028,4,28,14.5,2.5,1.2000000476837158,-35.83178319782035,2.611089030324365e-06
grid-r004-c029,4,29,15.0,2.5,1.2000000476837158,-36.74934691667828,2.1138068859727355e-06
grid-r005-c000,5,0,0.5,3.0,1.2000000476837158,-35.64130726500136,2.728156459852471e-06
grid-r005-c001,5,1,1.0,3.0,1.2000000476837158,-34.571799581529646,3.4899567253887653e-06
grid-r005-c002,5,2,1.5,3.0,1.2000000476837158,-34.97131565061785,3.183233047820977e-06
grid-r005-c003,5,3,2.0,3.0,1.2000000476837158,-34.9506422726592,3.1984220640879357e-06
grid-r005-c004,5,4,2.5,3.0,1.2000000476837158,-33.892015104647314,4.081299721292453e-06
grid-r005-c005,5,5,3.0,3.0,1.2000000476837158,-34.56012760577585,3.499348849800299e-06
grid-r005-c006,5,6,3.5,3.0,1.2000000476837158,-32.05248471387661,6.233780823095003e-06
grid-r005-c007,5,7,4.0,3.0,1.2000000476837158,-34.04270237687733,3.942119292332791e-06
grid-r005-c008,5,8,4.5,3.0,1.2000000476837158,-31.76973711233255,6.653134278167272e-06
grid-r005-c009,5,9,5.0,3.0,1.2000000476837158,-31.176645448110534,7.626678780070506e-06
grid-r005-c010,5,10,5.5,3.0,1.2000000476837158,-30.392786376293515,9.135269465332385e-06
grid-r005-c011,5,11,6.0,3.0,1.2000000476837158,-30.555572021758053,8.799192073638551e-06
grid-r005-c012,5,12,6.5,3.0,1.2000000476837158,-29.531863857560374,1.1138164154544938e-05
grid-r005-c013,5,13,7.0,3.0,1.2000000476837158,-28.600013591083396,1.3803799447487108e-05
grid-r005-c014,5,14,7.5,3.0,1.2000000476837158,-29.379967704845022,1.1534618352015968e-05
grid-r005-c015,5,15,8.0,3.0,1.2000000476837158,-29.389571014959436,1.1509140676935203e-05
grid-r005-c016,5,16,8.5,3.0,1.2000000476837158,-29.48137318328392,1.1268411071796436e-05
grid-r005-c017,5,17,9.0,3.0,1.2000000476837158,-29.663811193999635,1.0804853445733897e-05
grid-r005-c018,5,18,9.5,3.0,1.2000000476837158,-30.019949330333297,9.954170309356414e-06
grid-r005-c019,5,19,10.0,3.0,1.2000000476837158,-31.309346901519234,7.397165063594002e-06
grid-r005-c020,5,20,10.5,3.0,1.2000000476837158,-31.538143055451343,7.017552889010403e-06
grid-r005-c021,5,21,11.0,3.0,1.2000000476837158,-33.51254380164419,4.453952897165436e-06
grid-r005-c022,5,22,11.5,3.0,1.2000000476837158,-32.4942776372534,5.630827672575833e-06
grid-r005-c023,5,23,12.0,3.0,1.2000000476837158,-33.75258604981418,4.214454747852869e-06
grid-r005-c024,5,24,12.5,3.0,1.2000000476837158,-33.34033561786589,4.6341110646608286e-06
grid-r005-c025,5,25,13.0,3.0,1.2000000476837158,-35.033506151520115,3.1379743177240016e-06
grid-r005-c026,5,26,13.5,3.0,1.2000000476837158,-35.3629067700364,2.908769602072425e-06
grid-r005-c027,5,27,14.0,3.0,1.2000000476837158,-37.20306920754646,1.9041145833398332e-06
grid-r005-c028,5,28,14.5,3.0,1.2000000476837158,-34.4128532928817,3.620050847530365e-06
grid-r005-c029,5,29,15.0,3.0,1.2000000476837158,-36.424504396332836,2.2779781829740386e-06
grid-r006-c000,6,0,0.5,3.5,1.2000000476837158,-38.42886531767755,1.435864533050335e-06
grid-r006-c001,6,1,1.0,3.5,1.2000000476837158,-37.448554582114035,1.7994697145695682e-06
grid-r006-c002,6,2,1.5,3.5,1.2000000476837158,-35.58979139498659,2.7607104584603803e-06
grid-r006-c003,6,3,2.0,3.5,1.2000000476837158,-33.566915328293845,4.398539203975815e-06
grid-r006-c004,6,4,2.5,3.5,1.2000000476837158,-34.51537021253115,3.535598807502538e-06
grid-r006-c005,6,5,3.0,3.5,1.2000000476837158,-33.14331230029674,4.8491851885046344e-06
grid-r006-c006,6,6,3.5,3.5,1.2000000476837158,-34.983650356151266,3.174204948663828e-06
grid-r006-c007,6,7,4.0,3.5,1.2000000476837158,-31.80643469690078,6.597152605536394e-06
grid-r006-c008,6,8,4.5,3.5,1.2000000476837158,-31.467407029189836,7.132787686714437e-06
grid-r006-c009,6,9,5.0,3.5,1.2000000476837158,-31.387482328492425,7.265270141942892e-06
grid-r006-c010,6,10,5.5,3.5,1.2000000476837158,-30.326087239826755,9.27665223571239e-06
grid-r006-c011,6,11,6.0,3.5,1.2000000476837158,-29.05078206101294,1.2442905244824942e-05
grid-r006-c012,6,12,6.5,3.5,1.2000000476837158,-28.818979226969113,1.312508356932085e-05
grid-r006-c013,6,13,7.0,3.5,1.2000000476837158,-28.084783990343716,1.5542525943601504e-05
grid-r006-c014,6,14,7.5,3.5,1.2000000476837158,-27.34236950182261,1.8440090570948087e-05
grid-r006-c015,6,15,8.0,3.5,1.2000000476837158,-27.616145028721192,1.731352494971361e-05
grid-r006-c016,6,16,8.5,3.5,1.2000000476837158,-27.978075876790953,1.5929143046378158e-05
grid-r006-c017,6,17,9.0,3.5,1.2000000476837158,-28.264076997084956,1.491393686592346e-05
grid-r006-c018,6,18,9.5,3.5,1.2000000476837158,-29.448885448978857,1.1353021363902371e-05
grid-r006-c019,6,19,10.0,3.5,1.2000000476837158,-30.396576954393815,9.127299563260749e-06
grid-r006-c020,6,20,10.5,3.5,1.2000000476837158,-31.03820920983626,7.873703907534946e-06
grid-r006-c021,6,21,11.0,3.5,1.2000000476837158,-30.281334560249462,9.372739441459998e-06
grid-r006-c022,6,22,11.5,3.5,1.2000000476837158,-32.42312006485855,5.72384669794701e-06
grid-r006-c023,6,23,12.0,3.5,1.2000000476837158,-33.02155601407208,4.987057764083147e-06
grid-r006-c024,6,24,12.5,3.5,1.2000000476837158,-32.35753037691437,5.810947641293751e-06
grid-r006-c025,6,25,13.0,3.5,1.2000000476837158,-33.437293777691714,4.531798822426936e-06
grid-r006-c026,6,26,13.5,3.5,1.2000000476837158,-33.268241664928084,4.711680503532989e-06
grid-r006-c027,6,27,14.0,3.5,1.2000000476837158,-34.134079251225124,3.860042397718644e-06
grid-r006-c028,6,28,14.5,3.5,1.2000000476837158,-34.447974924521965,3.5908933568862267e-06
grid-r006-c029,6,29,15.0,3.5,1.2000000476837158,-32.184658326863385,6.0469192249001935e-06
grid-r007-c000,7,0,0.5,4.0,1.2000000476837158,-33.478123138026405,4.489393631956773e-06
grid-r007-c001,7,1,1.0,4.0,1.2000000476837158,-32.765477261439585,5.289958608045708e-06
grid-r007-c002,7,2,1.5,4.0,1.2000000476837158,-33.278777417489735,4.700264071288984e-06
grid-r007-c003,7,3,2.0,4.0,1.2000000476837158,-33.40870741800609,4.561726655083476e-06
grid-r007-c004,7,4,2.5,4.0,1.2000000476837158,-31.80238261561893,6.603310794162098e-06
grid-r007-c005,7,5,3.0,4.0,1.2000000476837158,-31.9561097000096,6.373662017722381e-06
grid-r007-c006,7,6,3.5,4.0,1.2000000476837158,-30.79833794081368,8.320821507368237e-06
grid-r007-c007,7,7,4.0,4.0,1.2000000476837158,-29.981444535803988,1.0042816938948818e-05
grid-r007-c008,7,8,4.5,4.0,1.2000000476837158,-29.277496784357226,1.1810011528723408e-05
grid-r007-c009,7,9,5.0,4.0,1.2000000476837158,-28.737444849095475,1.3373821275308728e-05
grid-r007-c010,7,10,5.5,4.0,1.2000000476837158,-27.410814156046683,1.8151753465645015e-05
grid-r007-c011,7,11,6.0,4.0,1.2000000476837158,-26.704546448095876,2.135725117113907e-05
grid-r007-c012,7,12,6.5,4.0,1.2000000476837158,-25.538946404794416,2.7932213924941607e-05
grid-r007-c013,7,13,7.0,4.0,1.2000000476837158,-25.003673121799906,3.159604239044711e-05
grid-r007-c014,7,14,7.5,4.0,1.2000000476837158,-24.53031690285379,3.523451596265659e-05
grid-r007-c015,7,15,8.0,4.0,1.2000000476837158,-24.55131374812609,3.506457869661972e-05
grid-r007-c016,7,16,8.5,4.0,1.2000000476837158,-24.79068097396975,3.3184242056449875e-05
grid-r007-c017,7,17,9.0,4.0,1.2000000476837158,-25.57970438696976,2.7671299903886393e-05
grid-r007-c018,7,18,9.5,4.0,1.2000000476837158,-26.34932911823742,2.3177526600193232e-05
grid-r007-c019,7,19,10.0,4.0,1.2000000476837158,-27.225648937321253,1.8942404494737275e-05
grid-r007-c020,7,20,10.5,4.0,1.2000000476837158,-27.72268946639481,1.6893944120965898e-05
grid-r007-c021,7,21,11.0,4.0,1.2000000476837158,-29.435761421799846,1.138738116424065e-05
grid-r007-c022,7,22,11.5,4.0,1.2000000476837158,-30.140020240978984,9.682733434601687e-06
grid-r007-c023,7,23,12.0,4.0,1.2000000476837158,-31.065368795627293,7.824617568985559e-06
grid-r007-c024,7,24,12.5,4.0,1.2000000476837158,-30.773739529071733,8.368084309040569e-06
grid-r007-c025,7,25,13.0,4.0,1.2000000476837158,-31.516889005559747,7.051980446703965e-06
grid-r007-c026,7,26,13.5,4.0,1.2000000476837158,-31.60717510135885,6.9068892116774805e-06
grid-r007-c027,7,27,14.0,4.0,1.2000000476837158,-33.27828457788484,4.700797489931574e-06
grid-r007-c028,7,28,14.5,4.0,1.2000000476837158,-33.853975824903735,4.117204298381694e-06
grid-r007-c029,7,29,15.0,4.0,1.2000000476837158,-33.398224375788104,4.572751095111016e-06
grid-r008-c000,8,0,0.5,4.5,1.2000000476837158,-33.55204569807299,4.413624992594123e-06
grid-r008-c001,8,1,1.0,4.5,1.2000000476837158,-33.8776655428429,4.0948070818558335e-06
grid-r008-c002,8,2,1.5,4.5,1.2000000476837158,-33.49357835478614,4.473445642361185e-06
grid-r008-c003,8,3,2.0,4.5,1.2000000476837158,-31.796353088457337,6.612484867218882e-06
grid-r008-c004,8,4,2.5,4.5,1.2000000476837158,-31.38453937077579,7.270195055752993e-06
grid-r008-c005,8,5,3.0,4.5,1.2000000476837158,-31.35840348096515,7.314079084608238e-06
grid-r008-c006,8,6,3.5,4.5,1.2000000476837158,-29.823662349227895,1.0414388270874042e-05
grid-r008-c007,8,7,4.0,4.5,1.2000000476837158,-29.30734867590879,1.1729111975000706e-05
grid-r008-c008,8,8,4.5,4.5,1.2000000476837158,-29.17963981322835,1.2079140105925035e-05
grid-r008-c009,8,9,5.0,4.5,1.2000000476837158,-28.05652998274254,1.5643970982637256e-05
grid-r008-c010,8,10,5.5,4.5,1.2000000476837158,-26.32289732844781,2.331901850993745e-05
grid-r008-c011,8,11,6.0,4.5,1.2000000476837158,-25.59588042486876,2.7568425139179453e-05
grid-r008-c012,8,12,6.5,4.5,1.2000000476837158,-24.281355696984775,3.7313366192393005e-05
grid-r008-c013,8,13,7.0,4.5,1.2000000476837158,-23.13334384812159,4.8603284085402265e-05
grid-r008-c014,8,14,7.5,4.5,1.2000000476837158,-22.725804884223294,5.338503251550719e-05
grid-r008-c015,8,15,8.0,4.5,1.2000000476837158,-22.49933491907592,5.624274490401149e-05
grid-r008-c016,8,16,8.5,4.5,1.2000000476837158,-23.11139078766778,4.88495898025576e-05
grid-r008-c017,8,17,9.0,4.5,1.2000000476837158,-24.210607304932907,3.7926194636384025e-05
grid-r008-c018,8,18,9.5,4.5,1.2000000476837158,-25.350707771730654,2.9169515983085148e-05
grid-r008-c019,8,19,10.0,4.5,1.2000000476837158,-26.620880165140008,2.1772684704046696e-05
grid-r008-c020,8,20,10.5,4.5,1.2000000476837158,-27.221582184166387,1.896015055535827e-05
grid-r008-c021,8,21,11.0,4.5,1.2000000476837158,-28.643158932259105,1.3667343409906607e-05
grid-r008-c022,8,22,11.5,4.5,1.2000000476837158,-29.65197313940483,1.0834345630428288e-05
grid-r008-c023,8,23,12.0,4.5,1.2000000476837158,-29.881006296761058,1.0277781257173046e-05
grid-r008-c024,8,24,12.5,4.5,1.2000000476837158,-31.925147575099395,6.419264082069276e-06
grid-r008-c025,8,25,13.0,4.5,1.2000000476837158,-31.179074318764947,7.622414614161244e-06
grid-r008-c026,8,26,13.5,4.5,1.2000000476837158,-32.51989727087329,5.597708423010772e-06
grid-r008-c027,8,27,14.0,4.5,1.2000000476837158,-31.896667664381283,6.461498287535505e-06
grid-r008-c028,8,28,14.5,4.5,1.2000000476837158,-33.87858201751507,4.093943061889149e-06
grid-r008-c029,8,29,15.0,4.5,1.2000000476837158,-32.567457994334596,5.536740900424775e-06
grid-r009-c000,9,0,0.5,5.0,1.2000000476837158,-33.16918712679397,4.820380127057433e-06
grid-r009-c001,9,1,1.0,5.0,1.2000000476837158,-31.940578197515272,6.396496701199794e-06
grid-r009-c002,9,2,1.5,5.0,1.2000000476837158,-33.206636777268244,4.778992206411203e-06
grid-r009-c003,9,3,2.0,5.0,1.2000000476837158,-32.31328743526424,5.870448148925789e-06
grid-r009-c004,9,4,2.5,5.0,1.2000000476837158,-31.77820303629349,6.640177616645815e-06
grid-r009-c005,9,5,3.0,5.0,1.2000000476837158,-30.281565506037744,9.372241038363427e-06
grid-r009-c006,9,6,3.5,5.0,1.2000000476837158,-30.295309061190864,9.342628800368402e-06
grid-r009-c007,9,7,4.0,5.0,1.2000000476837158,-29.40374854309993,1.1471630386949982e-05
grid-r009-c008,9,8,4.5,5.0,1.2000000476837158,-28.006352534429013,1.582576624059584e-05
grid-r009-c009,9,9,5.0,5.0,1.2000000476837158,-27.171965208892182,1.917800727824215e-05
grid-r009-c010,9,10,5.5,5.0,1.2000000476837158,-26.039842190946572,2.4889477572287433e-05
grid-r009-c011,9,11,6.0,5.0,1.2000000476837158,-24.545786797397298,3.510923124849796e-05
grid-r009-c012,9,12,6.5,5.0,1.2000000476837158,-23.091469447124453,4.907418042421341e-05
grid-r009-c013,9,13,7.0,5.0,1.2000000476837158,-21.406133662979308,7.2341354098171e-05
grid-r009-c014,9,14,7.5,5.0,1.2000000476837158,-20.092836275952422,9.788505121832713e-05
grid-r009-c015,9,15,8.0,5.0,1.2000000476837158,-20.049694834038043,9.886225598165765e-05
grid-r009-c016,9,16,8.5,5.0,1.2000000476837158,-21.2881263131558,7.433397695422173e-05
grid-r009-c017,9,17,9.0,5.0,1.2000000476837158,-22.88679061777762,5.1442366384435445e-05
grid-r009-c018,9,18,9.5,5.0,1.2000000476837158,-24.498496145099786,3.549362736521289e-05
grid-r009-c019,9,19,10.0,5.0,1.2000000476837158,-25.578284896758845,2.7680345738190226e-05
grid-r009-c020,9,20,10.5,5.0,1.2000000476837158,-27.146938456538663,1.9288841940579005e-05
grid-r009-c021,9,21,11.0,5.0,1.2000000476837158,-28.3607496418908,1.4585624739993364e-05
grid-r009-c022,9,22,11.5,5.0,1.2000000476837158,-29.380179678800005,1.1534055374795571e-05
grid-r009-c023,9,23,12.0,5.0,1.2000000476837158,-30.046827524706366,9.892754860629793e-06
grid-r009-c024,9,24,12.5,5.0,1.2000000476837158,-30.272621121240356,9.391563253302593e-06
grid-r009-c025,9,25,13.0,5.0,1.2000000476837158,-31.88193052004295,6.48346167508862e-06
grid-r009-c026,9,26,13.5,5.0,1.2000000476837158,-32.30128404887735,5.886695817025611e-06
grid-r009-c027,9,27,14.0,5.0,1.2000000476837158,-33.782921891214244,4.1851189962471835e-06
grid-r009-c028,9,28,14.5,5.0,1.2000000476837158,-32.42727803323271,5.718369266105583e-06
grid-r009-c029,9,29,15.0,5.0,1.2000000476837158,-33.14174010349483,4.850940968026407e-06
grid-r010-c000,10,0,0.5,5.5,1.2000000476837158,-33.074145749336864,4.9270324780081864e-06
grid-r010-c001,10,1,1.0,5.5,1.2000000476837158,-31.811789407609325,6.589023541891947e-06
grid-r010-c002,10,2,1.5,5.5,1.2000000476837158,-32.338359455876656,5.836655418534065e-06
grid-r010-c003,10,3,2.0,5.5,1.2000000476837158,-31.79299257339928,6.61760350340046e-06
grid-r010-c004,10,4,2.5,5.5,1.2000000476837158,-30.600371413709425,8.708891073183622e-06
grid-r010-c005,10,5,3.0,5.5,1.2000000476837158,-30.996096913929435,7.950424333103001e-06
grid-r010-c006,10,6,3.5,5.5,1.2000000476837158,-29.73517815857869,1.0628749805619009e-05
grid-r010-c007,10,7,4.0,5.5,1.2000000476837158,-28.750196445660556,1.3334611139725894e-05
grid-r010-c008,10,8,4.5,5.5,1.2000000476837158,-28.096693270307334,1.5499963410547934e-05
grid-r010-c009,10,9,5.0,5.5,1.2000000476837158,-26.86864268518825,2.0565332306432538e-05
grid-r010-c010,10,10,5.5,5.5,1.2000000476837158,-25.552281709543237,2.784657772281207e-05
grid-r010-c011,10,11,6.0,5.5,1.2000000476837158,-23.89226761122721,4.08106243412476e-05
grid-r010-c012,10,12,6.5,5.5,1.2000000476837158,-22.16201930358733,6.0785230743931606e-05
grid-r010-c013,10,13,7.0,5.5,1.2000000476837158,-19.31366298467494,0.00011712071136571467
grid-r010-c014,10,14,7.5,5.5,1.2000000476837158,-15.871635736364361,0.00025872382684610784
grid-r010-c015,10,15,8.0,5.5,1.2000000476837158,-15.617134745319909,0.0002743383520282805
grid-r010-c016,10,16,8.5,5.5,1.2000000476837158,-19.03010798923048,0.00012502279423642904
grid-r010-c017,10,17,9.0,5.5,1.2000000476837158,-21.79492449210425,6.614660378545523e-05
grid-r010-c018,10,18,9.5,5.5,1.2000000476837158,-23.737470604626594,4.229148544254713e-05
grid-r010-c019,10,19,10.0,5.5,1.2000000476837158,-25.50615177879707,2.8143935196567327e-05
grid-r010-c020,10,20,10.5,5.5,1.2000000476837158,-26.47444660872211,2.251932346553076e-05
grid-r010-c021,10,21,11.0,5.5,1.2000000476837158,-27.834461084499303,1.6464702639495954e-05
grid-r010-c022,10,22,11.5,5.5,1.2000000476837158,-28.655673088614968,1.3628017768496647e-05
grid-r010-c023,10,23,12.0,5.5,1.2000000476837158,-29.33301435344822,1.1660000382107683e-05
grid-r010-c024,10,24,12.5,5.5,1.2000000476837158,-30.43661203629813,9.043546924658585e-06
grid-r010-c025,10,25,13.0,5.5,1.2000000476837158,-30.114450682328695,9.739909728523344e-06
grid-r010-c026,10,26,13.5,5.5,1.2000000476837158,-31.7496578783718,6.683965693810023e-06
grid-r010-c027,10,27,14.0,5.5,1.2000000476837158,-32.365144604958786,5.8007685765915085e-06
grid-r010-c028,10,28,14.5,5.5,1.2000000476837158,-33.50880344663067,4.457790510059567e-06
grid-r010-c029,10,29,15.0,5.5,1.2000000476837158,-32.97444645053751,5.041448730480624e-06
grid-r011-c000,11,0,0.5,6.0,1.2000000476837158,-35.524649969497126,2.8024314815411344e-06
grid-r011-c001,11,1,1.0,6.0,1.2000000476837158,-33.91674056568134,4.058129889017437e-06
grid-r011-c002,11,2,1.5,6.0,1.2000000476837158,-31.476153960148146,7.118436315067811e-06
grid-r011-c003,11,3,2.0,6.0,1.2000000476837158,-32.922913135745546,5.101626811665483e-06
grid-r011-c004,11,4,2.5,6.0,1.2000000476837158,-30.43252978611801,9.052051609614864e-06
grid-r011-c005,11,5,3.0,6.0,1.2000000476837158,-30.22812473901603,9.48828073887853e-06
grid-r011-c006,11,6,3.5,6.0,1.2000000476837158,-29.165693421124644,1.211799190059537e-05
grid-r011-c007,11,7,4.0,6.0,1.2000000476837158,-28.395145792573956,1.4470562746282667e-05
grid-r011-c008,11,8,4.5,6.0,1.2000000476837158,-27.892114893849907,1.6247573512373492e-05
grid-r011-c009,11,9,5.0,6.0,1.2000000476837158,-26.38499177511393,2.298798062838614e-05
grid-r011-c010,11,10,5.5,6.0,1.2000000476837158,-25.237901868861606,2.9937105864519253e-05
grid-r011-c011,11,11,6.0,6.0,1.2000000476837158,-23.651993734938507,4.313210229156539e-05
grid-r011-c012,11,12,6.5,6.0,1.2000000476837158,-21.363155287382618,7.306080806301907e-05
grid-r011-c013,11,13,7.0,6.0,1.2000000476837158,-18.04247050377397,0.0001569469750393182
grid-r011-c014,11,14,7.5,6.0,1.2000000476837158,-12.176737668486084,0.0006057957652956247
grid-r011-c015,11,15,8.0,6.0,1.2000000476837158,-11.73077824144109,0.0006713085458613932
grid-r011-c016,11,16,8.5,6.0,1.2000000476837158,-17.624285616090354,0.00017281102191191167
grid-r011-c017,11,17,9.0,6.0,1.2000000476837158,-21.3459803960763,7.335031114052981e-05
grid-r011-c018,11,18,9.5,6.0,1.2000000476837158,-23.518689069020056,4.4476550101535395e-05
grid-r011-c019,11,19,10.0,6.0,1.2000000476837158,-25.14521879855817,3.058286165469326e-05
grid-r011-c020,11,20,10.5,6.0,1.2000000476837158,-26.474450467519887,2.251930345664732e-05
grid-r011-c021,11,21,11.0,6.0,1.2000000476837158,-27.384929607451966,1.826026345952414e-05
grid-r011-c022,11,22,11.5,6.0,1.2000000476837158,-28.555724642910562,1.3945289538241923e-05
grid-r011-c023,11,23,12.0,6.0,1.2000000476837158,-29.43648677733087,1.1385479410819244e-05
grid-r011-c024,11,24,12.5,6.0,1.2000000476837158,-30.661242856148185,8.587677257310133e-06
grid-r011-c025,11,25,13.0,6.0,1.2000000476837158,-32.42275675540291,5.724325546907494e-06
grid-r011-c026,11,26,13.5,6.0,1.2000000476837158,-32.259732416725015,5.943287760601379e-06
grid-r011-c027,11,27,14.0,6.0,1.2000000476837158,-33.01460401849445,4.995047220290871e-06
grid-r011-c028,11,28,14.5,6.0,1.2000000476837158,-32.6330289385172,5.453773610497592e-06
grid-r011-c029,11,29,15.0,6.0,1.2000000476837158,-33.6535373473339,4.311677457735641e-06
grid-r012-c000,12,0,0.5,6.5,1.2000000476837158,-31.86283528858433,6.512031177408062e-06
grid-r012-c001,12,1,1.0,6.5,1.2000000476837158,-34.63770303041197,3.437397026573308e-06
grid-r012-c002,12,2,1.5,6.5,1.2000000476837158,-33.05803511805842,4.945343789586332e-06
grid-r012-c003,12,3,2.0,6.5,1.2000000476837158,-32.05639214150453,6.228174697753275e-06
grid-r012-c004,12,4,2.5,6.5,1.2000000476837158,-32.040321570588915,6.251264039747184e-06
grid-r012-c005,12,5,3.0,6.5,1.2000000476837158,-30.59625924268792,8.717141099623404e-06
grid-r012-c006,12,6,3.5,6.5,1.2000000476837158,-29.901615482366267,1.0229124200122897e-05
grid-r012-c007,12,7,4.0,6.5,1.2000000476837158,-28.56728834838019,1.3908207620261237e-05
grid-r012-c008,12,8,4.5,6.5,1.2000000476837158,-28.187318845623885,1.5179872207227163e-05
grid-r012-c009,12,9,5.0,6.5,1.2000000476837158,-26.610240536786606,2.1826090232934803e-05
grid-r012-c010,12,10,5.5,6.5,1.2000000476837158,-25.72487015383126,2.6761656044982374e-05
grid-r012-c011,12,11,6.0,6.5,1.2000000476837158,-23.856834510140487,4.1144950955640525e-05
grid-r012-c012,12,12,6.5,6.5,1.2000000476837158,-22.014968339422147,6.287864380283281e-05
grid-r012-c013,12,13,7.0,6.5,1.2000000476837158,-19.272260880646215,0.000118242583994288
grid-r012-c014,12,14,7.5,6.5,1.2000000476837158,-15.706858934887322,0.00026872873422689736
grid-r012-c015,12,15,8.0,6.5,1.2000000476837158,-15.45004219502055,0.00028509905678220093
grid-r012-c016,12,16,8.5,6.5,1.2000000476837158,-18.940265241556517,0.00012763608538080007
grid-r012-c017,12,17,9.0,6.5,1.2000000476837158,-21.76663258146376,6.657891935901716e-05
grid-r012-c018,12,18,9.5,6.5,1.2000000476837158,-23.80751205746479,4.161489414400421e-05
grid-r012-c019,12,19,10.0,6.5,1.2000000476837158,-25.38783331896834,2.892122392950114e-05
grid-r012-c020,12,20,10.5,6.5,1.2000000476837158,-26.42980291703398,2.2752006771042943e-05
grid-r012-c021,12,21,11.0,6.5,1.2000000476837158,-28.025169574610942,1.5757344954181463e-05
grid-r012-c022,12,22,11.5,6.5,1.2000000476837158,-29.39273574388757,1.150075695477426e-05
grid-r012-c023,12,23,12.0,6.5,1.2000000476837158,-29.953166954087266,1.0108420610777102e-05
grid-r012-c024,12,24,12.5,6.5,1.2000000476837158,-29.327108110116562,1.1675868336169515e-05
grid-r012-c025,12,25,13.0,6.5,1.2000000476837158,-31.779494937237303,6.638202648900915e-06
grid-r012-c026,12,26,13.5,6.5,1.2000000476837158,-32.284483582982226,5.909512310608989e-06
grid-r012-c027,12,27,14.0,6.5,1.2000000476837158,-33.547008821893115,4.418746812007157e-06
grid-r012-c028,12,28,14.5,6.5,1.2000000476837158,-33.02098856367004,4.987709417036967e-06
grid-r012-c029,12,29,15.0,6.5,1.2000000476837158,-33.941085870626246,4.035444817418465e-06
grid-r013-c000,13,0,0.5,7.0,1.2000000476837158,-34.331019337712604,3.688910055643646e-06
grid-r013-c001,13,1,1.0,7.0,1.2000000476837158,-33.46270168566611,4.505363449425204e-06
grid-r013-c002,13,2,1.5,7.0,1.2000000476837158,-31.90643767377479,6.4469786593690515e-06
grid-r013-c003,13,3,2.0,7.0,1.2000000476837158,-33.26799939786163,4.711943347501801e-06
grid-r013-c004,13,4,2.5,7.0,1.2000000476837158,-31.73102655918732,6.71270163365989e-06
grid-r013-c005,13,5,3.0,7.0,1.2000000476837158,-31.251501969131397,7.496349098801147e-06
grid-r013-c006,13,6,3.5,7.0,1.2000000476837158,-30.32630822931489,9.27618020796217e-06
grid-r013-c007,13,7,4.0,7.0,1.2000000476837158,-29.152152986833705,1.2155832337157335e-05
grid-r013-c008,13,8,4.5,7.0,1.2000000476837158,-28.290465407684295,1.4823592209722847e-05
grid-r013-c009,13,9,5.0,7.0,1.2000000476837158,-27.110326157471214,1.945213989529293e-05
grid-r013-c010,13,10,5.5,7.0,1.2000000476837158,-25.959660990261504,2.535326530050952e-05
grid-r013-c011,13,11,6.0,7.0,1.2000000476837158,-24.582592113516142,3.48129469784908e-05
grid-r013-c012,13,12,6.5,7.0,1.2000000476837158,-23.10265590557652,4.894793892162852e-05
grid-r013-c013,13,13,7.0,7.0,1.2000000476837158,-21.354947636953064,7.319901487790048e-05
grid-r013-c014,13,14,7.5,7.0,1.2000000476837158,-20.038019850311322,9.912838140735403e-05
grid-r013-c015,13,15,8.0,7.0,1.2000000476837158,-19.96627550172728,0.00010077955812448636
grid-r013-c016,13,16,8.5,7.0,1.2000000476837158,-21.283625178603536,7.441105844918638e-05
grid-r013-c017,13,17,9.0,7.0,1.2000000476837158,-22.842242038704377,5.1972761866636574e-05
grid-r013-c018,13,18,9.5,7.0,1.2000000476837158,-24.532522299144503,3.521662802086212e-05
grid-r013-c019,13,19,10.0,7.0,1.2000000476837158,-25.842285112850604,2.6047826395370066e-05
grid-r013-c020,13,20,10.5,7.0,1.2000000476837158,-27.06562825718332,1.9653376511996612e-05
grid-r013-c021,13,21,11.0,7.0,1.2000000476837158,-28.383430876611236,1.450964919058606e-05
grid-r013-c022,13,22,11.5,7.0,1.2000000476837158,-29.249462699308708,1.1886492757184897e-05
grid-r013-c023,13,23,12.0,7.0,1.2000000476837158,-30.031197890461748,9.92842160485452e-06
grid-r013-c024,13,24,12.5,7.0,1.2000000476837158,-30.80618277627299,8.305804840347264e-06
grid-r013-c025,13,25,13.0,7.0,1.2000000476837158,-31.76407346225986,6.661816314590396e-06
grid-r013-c026,13,26,13.5,7.0,1.2000000476837158,-32.38339695520365,5.776440502813784e-06
grid-r013-c027,13,27,14.0,7.0,1.2000000476837158,-36.58754152300115,2.194046601289301e-06
grid-r013-c028,13,28,14.5,7.0,1.2000000476837158,-37.220355788116464,1.8965505432788632e-06
grid-r013-c029,13,29,15.0,7.0,1.2000000476837158,-34.802308692247735,3.3095514027081663e-06
grid-r014-c000,14,0,0.5,7.5,1.2000000476837158,-52.12582318492909,6.129396012966026e-08
grid-r014-c001,14,1,1.0,7.5,1.2000000476837158,-37.63193540427811,1.7250689552383847e-06
grid-r014-c002,14,2,1.5,7.5,1.2000000476837158,-35.648504558053126,2.723638999668765e-06
grid-r014-c003,14,3,2.0,7.5,1.2000000476837158,-32.816490683379726,5.228184818406589e-06
grid-r014-c004,14,4,2.5,7.5,1.2000000476837158,-31.995558737722064,6.316029157460434e-06
grid-r014-c005,14,5,3.0,7.5,1.2000000476837158,-32.008415442579036,6.29735905022244e-06
grid-r014-c006,14,6,3.5,7.5,1.2000000476837158,-31.083135766012866,7.792672477080487e-06
grid-r014-c007,14,7,4.0,7.5,1.2000000476837158,-30.17903157585863,9.596145901014097e-06
grid-r014-c008,14,8,4.5,7.5,1.2000000476837158,-29.63191092171914,1.0884510629693978e-05
grid-r014-c009,14,9,5.0,7.5,1.2000000476837158,-28.224791161247722,1.5049458852445241e-05
grid-r014-c010,14,10,5.5,7.5,1.2000000476837158,-27.45405413693595,1.7971924535231665e-05
grid-r014-c011,14,11,6.0,7.5,1.2000000476837158,-26.09379456890764,2.4582188416388817e-05
grid-r014-c012,14,12,6.5,7.5,1.2000000476837158,-24.887122755960284,3.2455456675961614e-05
grid-r014-c013,14,13,7.0,7.5,1.2000000476837158,-23.89699371167596,4.076623736182228e-05
grid-r014-c014,14,14,7.5,7.5,1.2000000476837158,-23.086526431225835,4.913006705464795e-05
grid-r014-c015,14,15,8.0,7.5,1.2000000476837158,-23.114250871850636,4.881743006990291e-05
grid-r014-c016,14,16,8.5,7.5,1.2000000476837158,-23.803309728297307,4.1655181121313944e-05
grid-r014-c017,14,17,9.0,7.5,1.2000000476837158,-24.94295368852135,3.2040894438978285e-05
grid-r014-c018,14,18,9.5,7.5,1.2000000476837158,-26.217944118587837,2.3889419026090764e-05
grid-r014-c019,14,19,10.0,7.5,1.2000000476837158,-27.47210836900217,1.7897367797559127e-05
grid-r014-c020,14,20,10.5,7.5,1.2000000476837158,-29.249292232592012,1.1886959327966906e-05
grid-r014-c021,14,21,11.0,7.5,1.2000000476837158,-29.675078645276287,1.0776857379823923e-05
grid-r014-c022,14,22,11.5,7.5,1.2000000476837158,-31.036937198292023,7.876010386098642e-06
grid-r014-c023,14,23,12.0,7.5,1.2000000476837158,-30.993678101502866,7.954853572300635e-06
grid-r014-c024,14,24,12.5,7.5,1.2000000476837158,-32.0889539972682,6.181652679515537e-06
grid-r014-c025,14,25,13.0,7.5,1.2000000476837158,-34.31873519521349,3.6993590128986398e-06
grid-r014-c026,14,26,13.5,7.5,1.2000000476837158,-80.12778528178117,9.710050125066871e-11
grid-r014-c027,14,27,14.0,7.5,1.2000000476837158,-60.11847957816562,9.730878325342474e-09
grid-r014-c028,14,28,14.5,7.5,1.2000000476837158,-54.296509698722815,3.718339414149341e-08
grid-r014-c029,14,29,15.0,7.5,1.2000000476837158,-53.990695878729284,3.989609709265096e-08
grid-r015-c000,15,0,0.5,8.0,1.2000000476837158,-41.35051124124927,7.327382718358422e-07
grid-r015-c001,15,1,1.0,8.0,1.2000000476837158,-44.015490138189136,3.9668975659878924e-07
grid-r015-c002,15,2,1.5,8.0,1.2000000476837158,-55.54271100486828,2.7908011901445207e-08
grid-r015-c003,15,3,2.0,8.0,1.2000000476837158,-37.54681748178999,1.7592122958376422e-06
grid-r015-c004,15,4,2.5,8.0,1.2000000476837158,-37.74154384701795,1.6820760038172011e-06
grid-r015-c005,15,5,3.0,8.0,1.2000000476837158,-37.155379520743764,1.9251388039265294e-06
grid-r015-c006,15,6,3.5,8.0,1.2000000476837158,-36.298115955817735,2.3452460027328925e-06
grid-r015-c007,15,7,4.0,8.0,1.2000000476837158,-37.64872266552114,1.7184137277581613e-06
grid-r015-c008,15,8,4.5,8.0,1.2000000476837158,-36.36684894760016,2.3084214717528084e-06
grid-r015-c009,15,9,5.0,8.0,1.2000000476837158,-35.705015307751154,2.688428367036977e-06
grid-r015-c010,15,10,5.5,8.0,1.2000000476837158,-35.020230421126755,3.147581310258829e-06
grid-r015-c011,15,11,6.0,8.0,1.2000000476837158,-33.41911600981837,4.550806806946639e-06
grid-r015-c012,15,12,6.5,8.0,1.2000000476837158,-34.067590850227845,3.919592472811928e-06
grid-r015-c013,15,13,7.0,8.0,1.2000000476837158,-32.127131346499375,6.127550022938522e-06
grid-r015-c014,15,14,7.5,8.0,1.2000000476837158,-33.22234238503608,4.7617409109079745e-06
grid-r015-c015,15,15,8.0,8.0,1.2000000476837158,-33.87796024070714,4.094529231224442e-06
grid-r015-c016,15,16,8.5,8.0,1.2000000476837158,-34.38199601894064,3.645863444035058e-06
grid-r015-c017,15,17,9.0,8.0,1.2000000476837158,-36.34207576563493,2.3216268800752005e-06
grid-r015-c018,15,18,9.5,8.0,1.2000000476837158,-39.78309480543718,1.051212507263699e-06
grid-r015-c019,15,19,10.0,8.0,1.2000000476837158,-37.01269682984007,1.9894375782314455e-06
grid-r015-c020,15,20,10.5,8.0,1.2000000476837158,-43.14754888620972,4.84445706661063e-07
grid-r015-c021,15,21,11.0,8.0,1.2000000476837158,-43.626694977567546,4.3384090986364754e-07
grid-r015-c022,15,22,11.5,8.0,1.2000000476837158,-40.89296035748734,8.141491321111971e-07
grid-r015-c023,15,23,12.0,8.0,1.2000000476837158,-48.675029612383,1.3567412793236144e-07
grid-r015-c024,15,24,12.5,8.0,1.2000000476837158,-42.55701290233071,5.550073183258064e-07
grid-r015-c025,15,25,13.0,8.0,1.2000000476837158,-59.52267995326582,1.1161742641263572e-08
grid-r015-c026,15,26,13.5,8.0,1.2000000476837158,-54.46913609503612,3.5734391445885194e-08
grid-r015-c027,15,27,14.0,8.0,1.2000000476837158,-44.08188409640778,3.906713743617729e-07
grid-r015-c028,15,28,14.5,8.0,1.2000000476837158,-54.336021563450785,3.684663596459359e-08
grid-r015-c029,15,29,15.0,8.0,1.2000000476837158,-56.93548783791937,2.025122114446276e-08
grid-r016-c000,16,0,0.5,8.5,1.2000000476837158,-54.85127823147906,3.272443649393608e-08
grid-r016-c001,16,1,1.0,8.5,1.2000000476837158,-57.6710713357423,1.7095935334054957e-08
grid-r016-c002,16,2,1.5,8.5,1.2000000476837158,-56.163583711695,2.4190320857542247e-08
grid-r016-c003,16,3,2.0,8.5,1.2000000476837158,-53.12838434304197,4.865881919613457e-08
grid-r016-c004,16,4,2.5,8.5,1.2000000476837158,-41.57737524170959,6.954444984330621e-07
grid-r016-c005,16,5,3.0,8.5,1.2000000476837158,-50.23381864672238,9.475849083173671e-08
grid-r016-c006,16,6,3.5,8.5,1.2000000476837158,-48.05247510313873,1.5658584118227736e-07
grid-r016-c007,16,7,4.0,8.5,1.2000000476837158,-45.923292283614984,2.5566470185367507e-07
grid-r016-c008,16,8,4.5,8.5,1.2000000476837158,-41.45877197701129,7.146983875827573e-07
grid-r016-c010,16,10,5.5,8.5,1.2000000476837158,-80.87166111751253,8.181517963112839e-11
grid-r016-c011,16,11,6.0,8.5,1.2000000476837158,-80.12414732026164,9.718187365947983e-11
grid-r016-c012,16,12,6.5,8.5,1.2000000476837158,-76.2042398538042,2.396492171374831e-10
grid-r016-c013,16,13,7.0,8.5,1.2000000476837158,-54.750526945841344,3.349247990058757e-08
grid-r016-c014,16,14,7.5,8.5,1.2000000476837158,-53.709703221845416,4.25627497691039e-08
grid-r016-c015,16,15,8.0,8.5,1.2000000476837158,-54.653851039853706,3.4246397717652144e-08
grid-r016-c016,16,16,8.5,8.5,1.2000000476837158,-52.32735487091966,5.8514636691597843e-08
grid-r016-c017,16,17,9.0,8.5,1.2000000476837158,-56.20778091148799,2.3945389671098383e-08
grid-r016-c018,16,18,9.5,8.5,1.2000000476837158,-52.23885874799086,5.971921979153194e-08
grid-r016-c019,16,19,10.0,8.5,1.2000000476837158,-48.03998814854947,1.5703670896982658e-07
grid-r016-c020,16,20,10.5,8.5,1.2000000476837158,-44.32116641021433,3.6972886618968914e-07
grid-r016-c021,16,21,11.0,8.5,1.2000000476837158,-44.73667813573539,3.3599451398913516e-07
grid-r016-c022,16,22,11.5,8.5,1.2000000476837158,-46.927421718035035,2.0288868540774274e-07
grid-r016-c023,16,23,12.0,8.5,1.2000000476837158,-56.84042662847236,2.069937998783189e-08
grid-r016-c024,16,24,12.5,8.5,1.2000000476837158,-52.535339985259824,5.577839345960456e-08
grid-r016-c025,16,25,13.0,8.5,1.2000000476837158,-52.021414083444625,6.278538933202071e-08
grid-r016-c026,16,26,13.5,8.5,1.2000000476837158,-55.010887468144375,3.154359973223109e-08
grid-r016-c027,16,27,14.0,8.5,1.2000000476837158,-56.898616476960356,2.0423884805609305e-08
grid-r016-c028,16,28,14.5,8.5,1.2000000476837158,-56.91991605317017,2.03239629570362e-08
grid-r016-c029,16,29,15.0,8.5,1.2000000476837158,-54.24786144628787,3.760225197879663e-08
grid-r017-c000,17,0,0.5,9.0,1.2000000476837158,-56.999140674438365,1.9956571506440923e-08
grid-r017-c001,17,1,1.0,9.0,1.2000000476837158,-65.00242180033712,3.1605147388091837e-09
grid-r017-c002,17,2,1.5,9.0,1.2000000476837158,-73.7371651967458,4.229445960124423e-10
grid-r017-c003,17,3,2.0,9.0,1.2000000476837158,-56.41433485381674,2.2833186008597295e-08
grid-r017-c004,17,4,2.5,9.0,1.2000000476837158,-52.377281471817625,5.784580281442686e-08
grid-r017-c005,17,5,3.0,9.0,1.2000000476837158,-51.21519886657188,7.559274450841258e-08
grid-r017-c006,17,6,3.5,9.0,1.2000000476837158,-48.42309549320048,1.4377734203208092e-07
grid-r017-c007,17,7,4.0,9.0,1.2000000476837158,-47.249276647923054,1.8839628523892316e-07
grid-r017-c008,17,8,4.5,9.0,1.2000000476837158,-47.3062602136838,1.8594049322473438e-07
grid-r017-c009,17,9,5.0,9.0,1.2000000476837158,-46.04007696965979,2.4888132088563e-07
grid-r017-c010,17,10,5.5,9.0,1.2000000476837158,-44.75285666504922,3.347451809077029e-07
grid-r017-c011,17,11,6.0,9.0,1.2000000476837158,-43.881019937310064,4.091645564585633e-07
grid-r017-c012,17,12,6.5,9.0,1.2000000476837158,-42.834917133128165,5.206049422668002e-07
grid-r017-c013,17,13,7.0,9.0,1.2000000476837158,-42.68417842949291,5.389917987486115e-07
grid-r017-c014,17,14,7.5,9.0,1.2000000476837158,-42.340402754092324,5.833909995089925e-07
grid-r017-c015,17,15,8.0,9.0,1.2000000476837158,-42.22382914306341,5.992624778627942e-07
grid-r017-c016,17,16,8.5,9.0,1.2000000476837158,-42.460480798988826,5.674817771250673e-07
grid-r017-c017,17,17,9.0,9.0,1.2000000476837158,-42.88468958277374,5.146725925442297e-07
grid-r017-c018,17,18,9.5,9.0,1.2000000476837158,-43.64398171051206,4.321174742472067e-07
grid-r017-c019,17,19,10.0,9.0,1.2000000476837158,-44.43136886717805,3.6046500895281497e-07
grid-r017-c020,17,20,10.5,9.0,1.2000000476837158,-41.66319375879897,6.818370934524864e-07
grid-r017-c021,17,21,11.0,9.0,1.2000000476837158,-41.06703868728657,7.821609528946283e-07
grid-r017-c022,17,22,11.5,9.0,1.2000000476837158,-47.438615766939435,1.8035925108961237e-07
grid-r017-c023,17,23,12.0,9.0,1.2000000476837158,-49.82358960073712,1.0414562723326526e-07
grid-r017-c024,17,24,12.5,9.0,1.2000000476837158,-51.244846396317755,7.507846078169678e-08
grid-r017-c025,17,25,13.0,9.0,1.2000000476837158,-55.25328672370124,2.983124147704075e-08
grid-r017-c026,17,26,13.5,9.0,1.2000000476837158,-69.12218577770741,1.2240000124563721e-09
grid-r017-c027,17,27,14.0,9.0,1.2000000476837158,-65.68927488726689,2.698189893735048e-09
grid-r017-c028,17,28,14.5,9.0,1.2000000476837158,-56.8084619514066,2.0852292337281142e-08
grid-r017-c029,17,29,15.0,9.0,1.2000000476837158,-55.42842932186315,2.8652140215967847e-08
grid-r018-c000,18,0,0.5,9.5,1.2000000476837158,-61.23339784100105,7.527663825612763e-09
grid-r018-c001,18,1,1.0,9.5,1.2000000476837158,-63.12023919796724,4.875016390570863e-09
grid-r018-c002,18,2,1.5,9.5,1.2000000476837158,-64.21082231690157,3.792431702009935e-09
grid-r018-c003,18,3,2.0,9.5,1.2000000476837158,-69.35117088946704,1.1611355210661145e-09
grid-r018-c004,18,4,2.5,9.5,1.2000000476837158,-60.46332617301928,8.98808938387674e-09
grid-r018-c005,18,5,3.0,9.5,1.2000000476837158,-51.77905644579057,6.638872918074412e-08
grid-r018-c006,18,6,3.5,9.5,1.2000000476837158,-41.4884382108469,7.098329888322041e-07
grid-r018-c007,18,7,4.0,9.5,1.2000000476837158,-49.041752903220754,1.246880145799878e-07
grid-r018-c008,18,8,4.5,9.5,1.2000000476837158,-49.01406456868442,1.254854993248955e-07
grid-r018-c009,18,9,5.0,9.5,1.2000000476837158,-48.61861896212726,1.3744789839620353e-07
grid-r018-c010,18,10,5.5,9.5,1.2000000476837158,-47.366741928491024,1.833689537988903e-07
grid-r018-c011,18,11,6.0,9.5,1.2000000476837158,-46.376712731838396,2.3031844875731622e-07
grid-r018-c012,18,12,6.5,9.5,1.2000000476837158,-46.46028866853109,2.2592855941638845e-07
grid-r018-c013,18,13,7.0,9.5,1.2000000476837158,-45.527472956806164,2.8006104457745096e-07
grid-r018-c014,18,14,7.5,9.5,1.2000000476837158,-45.70984639260483,2.685439426386438e-07
grid-r018-c015,18,15,8.0,9.5,1.2000000476837158,-45.84053220812076,2.6058341973111965e-07
grid-r018-c016,18,16,8.5,9.5,1.2000000476837158,-45.968119680847806,2.530393317101698e-07
grid-r018-c017,18,17,9.0,9.5,1.2000000476837158,-46.76855592394813,2.1044780851298128e-07
grid-r018-c018,18,18,9.5,9.5,1.2000000476837158,-47.530215402415394,1.765950230492308e-07
grid-r018-c019,18,19,10.0,9.5,1.2000000476837158,-48.422253379066206,1.4380522372903215e-07
grid-r018-c020,18,20,10.5,9.5,1.2000000476837158,-47.95602035499088,1.6010244507924654e-07
grid-r018-c021,18,21,11.0,9.5,1.2000000476837158,-46.8241139693304,2.0777275722139166e-07
grid-r018-c022,18,22,11.5,9.5,1.2000000476837158,-47.852585255484584,1.6396134583374078e-07
grid-r018-c023,18,23,12.0,9.5,1.2000000476837158,-51.003189107050076,7.937451584894006e-08
grid-r018-c024,18,24,12.5,9.5,1.2000000476837158,-60.319616216664684,9.290484825896783e-09
grid-r018-c025,18,25,13.0,9.5,1.2000000476837158,-66.7447717312445,2.1160349028548353e-09
grid-r018-c026,18,26,13.5,9.5,1.2000000476837158,-63.028396400999625,4.979209045075095e-09
grid-r018-c027,18,27,14.0,9.5,1.2000000476837158,-44.17380607956015,3.8248938949436706e-07
grid-r018-c028,18,28,14.5,9.5,1.2000000476837158,-56.681032646523306,2.1473198330568266e-08
grid-r018-c029,18,29,15.0,9.5,1.2000000476837158,-56.47408729238791,2.2521186693325035e-08
grid-r019-c000,19,0,0.5,10.0,1.2000000476837158,-56.36918245316819,2.3071814680974967e-08
grid-r019-c001,19,1,1.0,10.0,1.2000000476837158,-61.37776162218658,7.281550029603068e-09
grid-r019-c002,19,2,1.5,10.0,1.2000000476837158,-43.83131581611801,4.138742610848567e-07
grid-r019-c003,19,3,2.0,10.0,1.2000000476837158,-47.99080195386382,1.5882534398770076e-07
grid-r019-c004,19,4,2.5,10.0,1.2000000476837158,-55.082969702666745,3.102437418078807e-08
grid-r019-c005,19,5,3.0,10.0,1.2000000476837158,-49.675391454615934,1.0776081182939379e-07
grid-r019-c006,19,6,3.5,10.0,1.2000000476837158,-51.36131273199656,7.309181171422097e-08
grid-r019-c007,19,7,4.0,10.0,1.2000000476837158,-52.90159616544928,5.1267292633383477e-08
grid-r019-c008,19,8,4.5,10.0,1.2000000476837158,-61.88155298131498,6.484025316666475e-09
grid-r019-c009,19,9,5.0,10.0,1.2000000476837158,-63.701650468582244,4.264174346957361e-09
grid-r019-c010,19,10,5.5,10.0,1.2000000476837158,-58.634098048119924,1.3695887979281451e-08
grid-r019-c011,19,11,6.0,10.0,1.2000000476837158,-57.11229063807468,1.9443342935687724e-08
grid-r019-c012,19,12,6.5,10.0,1.2000000476837158,-56.5399585132902,2.2182176095952855e-08
grid-r019-c013,19,13,7.0,10.0,1.2000000476837158,-55.421234165262405,2.8699648879637607e-08
grid-r019-c014,19,14,7.5,10.0,1.2000000476837158,-53.31425096873231,4.662028274537988e-08
grid-r019-c015,19,15,8.0,10.0,1.2000000476837158,-53.281749282116365,4.697048794355396e-08
grid-r019-c016,19,16,8.5,10.0,1.2000000476837158,-53.40610551246451,4.564460454048458e-08
grid-r019-c017,19,17,9.0,10.0,1.2000000476837158,-52.14785711958183,6.098377269836419e-08
grid-r019-c018,19,18,9.5,10.0,1.2000000476837158,-53.097466736719156,4.900645933503256e-08
grid-r019-c019,19,19,10.0,10.0,1.2000000476837158,-55.01171712899331,3.153757432983184e-08
grid-r019-c020,19,20,10.5,10.0,1.2000000476837158,-49.89353470024358,1.0248174930893583e-07
grid-r019-c021,19,21,11.0,10.0,1.2000000476837158,-45.315638563844715,2.94060129135687e-07
grid-r019-c022,19,22,11.5,10.0,1.2000000476837158,-48.72133974228858,1.3423507994048123e-07
grid-r019-c023,19,23,12.0,10.0,1.2000000476837158,-50.11536175143691,9.737866690784358e-08
grid-r019-c024,19,24,12.5,10.0,1.2000000476837158,-61.220676244780435,7.549746605661767e-09
grid-r019-c025,19,25,13.0,10.0,1.2000000476837158,-60.18643152140221,9.579808946114099e-09
grid-r019-c026,19,26,13.5,10.0,1.2000000476837158,-59.8557355535378,1.0337759981382533e-08
grid-r019-c027,19,27,14.0,10.0,1.2000000476837158,-56.57088871929713,2.2024757129202044e-08
grid-r019-c028,19,28,14.5,10.0,1.2000000476837158,-62.40970789007545,5.741550790361316e-09
grid-r019-c029,19,29,15.0,10.0,1.2000000476837158,-53.95766311572808,4.0200706763471317e-08
grid-r020-c000,20,0,0.5,10.5,1.2000000476837158,-55.592287048537386,2.7591244844415996e-08
grid-r020-c001,20,1,1.0,10.5,1.2000000476837158,-60.98806992394637,7.96513255352238e-09
grid-r020-c002,20,2,1.5,10.5,1.2000000476837158,-56.22184115897589,2.3867992027248874e-08
grid-r020-c003,20,3,2.0,10.5,1.2000000476837158,-59.311882846161595,1.1716872805322964e-08
grid-r020-c004,20,4,2.5,10.5,1.2000000476837158,-55.13006180094783,3.068978315923232e-08
grid-r020-c005,20,5,3.0,10.5,1.2000000476837158,-51.10136652167927,7.76002906377471e-08
grid-r020-c006,20,6,3.5,10.5,1.2000000476837158,-49.9478859418242,1.0120719906581144e-07
grid-r020-c007,20,7,4.0,10.5,1.2000000476837158,-52.095680720112995,6.172085420530493e-08
grid-r020-c008,20,8,4.5,10.5,1.2000000476837158,-50.72944044526422,8.453877597958126e-08
grid-r020-c009,20,9,5.0,10.5,1.2000000476837158,-50.12363574474449,9.719332183522056e-08
grid-r020-c010,20,10,5.5,10.5,1.2000000476837158,-48.8244007267333,1.3108709140396968e-07
grid-r020-c011,20,11,6.0,10.5,1.2000000476837158,-48.15814210715344,1.5282196841326368e-07
grid-r020-c012,20,12,6.5,10.5,1.2000000476837158,-47.49340770428577,1.780980767307483e-07
grid-r020-c013,20,13,7.0,10.5,1.2000000476837158,-46.86087821471696,2.0602132622116187e-07
grid-r020-c014,20,14,7.5,10.5,1.2000000476837158,-46.662262029132194,2.1566208374679263e-07
grid-r020-c015,20,15,8.0,10.5,1.2000000476837158,-47.1342672169599,1.934520241775317e-07
grid-r020-c016,20,16,8.5,10.5,1.2000000476837158,-47.10635712380936,1.9469925405246613e-07
grid-r020-c017,20,17,9.0,10.5,1.2000000476837158,-47.39319446815165,1.8225546227768064e-07
grid-r020-c018,20,18,9.5,10.5,1.2000000476837158,-47.857551080798686,1.6377397571432084e-07
grid-r020-c019,20,19,10.0,10.5,1.2000000476837158,-48.555036119602576,1.3947500576705352e-07
grid-r020-c020,20,20,10.5,10.5,1.2000000476837158,-49.66870949876396,1.0792673776904849e-07
grid-r020-c021,20,21,11.0,10.5,1.2000000476837158,-49.97094197847227,1.0067132905078324e-07
grid-r020-c022,20,22,11.5,10.5,1.2000000476837158,-41.54340248762155,7.009059572737897e-07
grid-r020-c023,20,23,12.0,10.5,1.2000000476837158,-50.55838654537705,8.793491446112967e-08
grid-r020-c024,20,24,12.5,10.5,1.2000000476837158,-54.03562600191188,3.948547799836888e-08
grid-r020-c025,20,25,13.0,10.5,1.2000000476837158,-55.209431622111694,3.013400373674813e-08
grid-r020-c026,20,26,13.5,10.5,1.2000000476837158,-60.433916220865,9.04916230837216e-09
grid-r020-c027,20,27,14.0,10.5,1.2000000476837158,-62.21904841163335,5.999225116681828e-09
grid-r020-c028,20,28,14.5,10.5,1.2000000476837158,-56.43905258505677,2.2703600777163047e-08
grid-r020-c029,20,29,15.0,10.5,1.2000000476837158,-53.797752832677446,4.170851397589104e-08
