x_m,y_m,z_m,value_path_gain_linear,is_inside,is_valid
-14.314044952392578,-9.918306350708008,1.5,1.0606869409457431e-06,True,True
-13.314044952392578,-9.918306350708008,1.5,1.0665477248039679e-06,True,True
-12.314044952392578,-9.918306350708008,1.5,1.0178246157011017e-06,True,True
-11.314044952392578,-9.918306350708008,1.5,9.250009043171303e-07,True,True
-10.314044952392578,-9.918306350708008,1.5,1.0646663213265128e-06,True,True
-9.314044952392578,-9.918306350708008,1.5,9.440142889616254e-07,True,True
-8.314044952392578,-9.918306350708008,1.5,9.224262385032489e-07,True,True
-7.314044952392578,-9.918306350708008,1.5,1.059756300492154e-06,True,True
-6.314044952392578,-9.918306350708008,1.5,7.925571026135003e-07,True,True
-5.314044952392578,-9.918306350708008,1.5,8.066837722253695e-07,True,True
-4.314044952392578,-9.918306350708008,1.5,9.9499436601036e-07,True,True
-3.314044952392578,-9.918306350708008,1.5,9.227734381056507e-07,True,True
-2.314044952392578,-9.918306350708008,1.5,9.859195415629074e-07,True,True
-1.3140449523925781,-9.918306350708008,1.5,1.1728149047485203e-06,True,True
-0.3140449523925781,-9.918306350708008,1.5,1.0520809610170545e-06,True,True
-14.314044952392578,-8.918306350708008,1.5,9.831184115682845e-07,True,True
-13.314044952392578,-8.918306350708008,1.5,1.035073296407063e-06,True,True
-12.314044952392578,-8.918306350708008,1.5,9.0640293137767e-07,True,True
-11.314044952392578,-8.918306350708008,1.5,7.863494033699681e-07,True,True
-10.314044952392578,-8.918306350708008,1.5,8.860181992531579e-07,True,True
-9.314044952392578,-8.918306350708008,1.5,8.34988043152407e-07,True,True
-8.314044952392578,-8.918306350708008,1.5,9.083584018299007e-07,True,True
-7.314044952392578,-8.918306350708008,1.5,1.0627776418914436e-06,True,True
-6.314044952392578,-8.918306350708008,1.5,1.011120957628009e-06,True,True
-5.314044952392578,-8.918306350708008,1.5,8.809049631963717e-07,True,True
-4.314044952392578,-8.918306350708008,1.5,8.206941402022494e-07,True,True
-3.314044952392578,-8.918306350708008,1.5,8.272739364656445e-07,True,True
-2.314044952392578,-8.918306350708008,1.5,9.873317594610853e-07,True,True
-1.3140449523925781,-8.918306350708008,1.5,8.552867711841827e-07,True,True
-0.3140449523925781,-8.918306350708008,1.5,1.1677714155666763e-06,True,True
-14.314044952392578,-7.918306350708008,1.5,1.0856804237846518e-06,True,True
-13.314044952392578,-7.918306350708008,1.5,1.0454141374793835e-06,True,True
-12.314044952392578,-7.918306350708008,1.5,8.917831451071834e-07,True,True
-11.314044952392578,-7.918306350708008,1.5,8.138109137689753e-07,True,True
-10.314044952392578,-7.918306350708008,1.5,9.560676517139655e-07,True,True
-9.314044952392578,-7.918306350708008,1.5,9.341678151031374e-07,True,True
-8.314044952392578,-7.918306350708008,1.5,1.139656546911283e-06,True,True
-7.314044952392578,-7.918306350708008,1.5,1.4885284826959833e-06,True,True
-6.314044952392578,-7.918306350708008,1.5,1.4173554063745541e-06,True,True
-5.314044952392578,-7.918306350708008,1.5,1.3164662959752604e-06,True,True
-4.314044952392578,-7.918306350708008,1.5,9.7870315585169e-07,True,True
-3.314044952392578,-7.918306350708008,1.5,8.028163165363367e-07,True,True
-2.314044952392578,-7.918306350708008,1.5,8.373208402190357e-07,True,True
-1.3140449523925781,-7.918306350708008,1.5,1.0365865819039755e-06,True,True
-0.3140449523925781,-7.918306350708008,1.5,9.364686093249475e-07,True,True
-14.314044952392578,-6.918306350708008,1.5,1.0694739103200845e-06,True,True
-13.314044952392578,-6.918306350708008,1.5,8.165989697772602e-07,True,True
-12.314044952392578,-6.918306350708008,1.5,7.827949843886017e-07,True,True
-11.314044952392578,-6.918306350708008,1.5,9.46231580201129e-07,True,True
-10.314044952392578,-6.918306350708008,1.5,1.067185166903073e-06,True,True
-9.314044952392578,-6.918306350708008,1.5,1.3147950994607527e-06,True,True
-8.314044952392578,-6.918306350708008,1.5,1.919897840707563e-06,True,True
-7.314044952392578,-6.918306350708008,1.5,2.6278476070729084e-06,True,True
-6.314044952392578,-6.918306350708008,1.5,2.6215923298877897e-06,True,True
-5.314044952392578,-6.918306350708008,1.5,1.982861704163952e-06,True,True
-4.314044952392578,-6.918306350708008,1.5,1.3541794032789767e-06,True,True
-3.314044952392578,-6.918306350708008,1.5,1.0451066145833465e-06,True,True
-2.314044952392578,-6.918306350708008,1.5,7.942197157717601e-07,True,True
-1.3140449523925781,-6.918306350708008,1.5,8.767325994085695e-07,True,True
-0.3140449523925781,-6.918306350708008,1.5,9.26561483538535e-07,True,True
-14.314044952392578,-5.918306350708008,1.5,9.042943247550284e-07,True,True
-13.314044952392578,-5.918306350708008,1.5,8.965129154603346e-07,True,True
-12.314044952392578,-5.918306350708008,1.5,8.140845011439524e-07,True,True
-11.314044952392578,-5.918306350708008,1.5,7.913588433439145e-07,True,True
-10.314044952392578,-5.918306350708008,1.5,1.1962505368501297e-06,True,True
-9.314044952392578,-5.918306350708008,1.5,1.8851013692255947e-06,True,True
-8.314044952392578,-5.918306350708008,1.5,3.37863252752868e-06,True,True
-7.314044952392578,-5.918306350708008,1.5,4.666619588533649e-06,True,True
-6.314044952392578,-5.918306350708008,1.5,4.7831090341787785e-06,True,True
-5.314044952392578,-5.918306350708008,1.5,3.338358737892122e-06,True,True
-4.314044952392578,-5.918306350708008,1.5,1.8152703660234693e-06,True,True
-3.314044952392578,-5.918306350708008,1.5,1.128996927945991e-06,True,True
-2.314044952392578,-5.918306350708008,1.5,9.438074357603909e-07,True,True
-1.3140449523925781,-5.918306350708008,1.5,8.32970670217037e-07,True,True
-0.3140449523925781,-5.918306350708008,1.5,9.187957630274468e-07,True,True
-14.314044952392578,-4.918306350708008,1.5,1.101700718209031e-06,True,True
-13.314044952392578,-4.918306350708008,1.5,8.424865427514305e-07,True,True
-12.314044952392578,-4.918306350708008,1.5,9.152152529168234e-07,True,True
-11.314044952392578,-4.918306350708008,1.5,8.615130582256825e-07,True,True
-10.314044952392578,-4.918306350708008,1.5,1.2864404652646044e-06,True,True
-9.314044952392578,-4.918306350708008,1.5,2.2652554889646126e-06,True,True
-8.314044952392578,-4.918306350708008,1.5,4.349476967036026e-06,True,True
-7.314044952392578,-4.918306350708008,1.5,6.90758679411374e-06,True,True
-6.314044952392578,-4.918306350708008,1.5,0.008371127769351006,True,True
-5.314044952392578,-4.918306350708008,1.5,4.686115516960854e-06,True,True
-4.314044952392578,-4.918306350708008,1.5,2.3354514269158244e-06,True,True
-3.314044952392578,-4.918306350708008,1.5,1.2103856761314091e-06,True,True
-2.314044952392578,-4.918306350708008,1.5,9.77619720288203e-07,True,True
-1.3140449523925781,-4.918306350708008,1.5,9.089916375160101e-07,True,True
-0.3140449523925781,-4.918306350708008,1.5,9.358552119920205e-07,True,True
-14.314044952392578,-3.918306350708008,1.5,1.1124042202936835e-06,True,True
-13.314044952392578,-3.918306350708008,1.5,8.257418357970892e-07,True,True
-12.314044952392578,-3.918306350708008,1.5,1.008030267257709e-06,True,True
-11.314044952392578,-3.918306350708008,1.5,8.507566917614895e-07,True,True
-10.314044952392578,-3.918306350708008,1.5,1.1770322316806414e-06,True,True
-9.314044952392578,-3.918306350708008,1.5,2.103708538925275e-06,True,True
-8.314044952392578,-3.918306350708008,1.5,4.193446784483967e-06,True,True
-7.314044952392578,-3.918306350708008,1.5,6.698213383060647e-06,True,True
-6.314044952392578,-3.918306350708008,1.5,6.72908163323882e-06,True,True
-5.314044952392578,-3.918306350708008,1.5,4.517096840572776e-06,True,True
-4.314044952392578,-3.918306350708008,1.5,2.2911669930181233e-06,True,True
-3.314044952392578,-3.918306350708008,1.5,1.278083118450013e-06,True,True
-2.314044952392578,-3.918306350708008,1.5,9.040460327014443e-07,True,True
-1.3140449523925781,-3.918306350708008,1.5,9.055669352164841e-07,True,True
-0.3140449523925781,-3.918306350708008,1.5,1.1151171293022344e-06,True,True
-14.314044952392578,-2.918306350708008,1.5,1.1121909437861177e-06,True,True
-13.314044952392578,-2.918306350708008,1.5,1.0082160315505462e-06,True,True
-12.314044952392578,-2.918306350708008,1.5,8.916269962355727e-07,True,True
-11.314044952392578,-2.918306350708008,1.5,9.392208539793501e-07,True,True
-10.314044952392578,-2.918306350708008,1.5,1.109560002987564e-06,True,True
-9.314044952392578,-2.918306350708008,1.5,1.5505499959544977e-06,True,True
-8.314044952392578,-2.918306350708008,1.5,2.9497484774765326e-06,True,True
-7.314044952392578,-2.918306350708008,1.5,4.2628221308405045e-06,True,True
-6.314044952392578,-2.918306350708008,1.5,4.4043304114893544e-06,True,True
-5.314044952392578,-2.918306350708008,1.5,3.690594212457654e-06,True,True
-4.314044952392578,-2.918306350708008,1.5,1.821652631406323e-06,True,True
-3.314044952392578,-2.918306350708008,1.5,1.2630131323021487e-06,True,True
-2.314044952392578,-2.918306350708008,1.5,9.323352969659027e-07,True,True
-1.3140449523925781,-2.918306350708008,1.5,9.156717624136945e-07,True,True
-0.3140449523925781,-2.918306350708008,1.5,9.459962484470452e-07,True,True
-14.314044952392578,-1.9183063507080078,1.5,1.1261490726610646e-06,True,True
-13.314044952392578,-1.9183063507080078,1.5,1.1886842230524053e-06,True,True
-12.314044952392578,-1.9183063507080078,1.5,1.0323161632186384e-06,True,True
-11.314044952392578,-1.9183063507080078,1.5,9.597263215255225e-07,True,True
-10.314044952392578,-1.9183063507080078,1.5,9.541502095089527e-07,True,True
-9.314044952392578,-1.9183063507080078,1.5,1.3730103773923474e-06,True,True
-8.314044952392578,-1.9183063507080078,1.5,1.7708525774651207e-06,True,True
-7.314044952392578,-1.9183063507080078,1.5,2.2070105387683725e-06,True,True
-6.314044952392578,-1.9183063507080078,1.5,2.2442013687395956e-06,True,True
-5.314044952392578,-1.9183063507080078,1.5,2.0876757389487466e-06,True,True
-4.314044952392578,-1.9183063507080078,1.5,1.7193183339259122e-06,True,True
-3.314044952392578,-1.9183063507080078,1.5,1.1552581327123335e-06,True,True
-2.314044952392578,-1.9183063507080078,1.5,1.134793478740903e-06,True,True
-1.3140449523925781,-1.9183063507080078,1.5,9.521066886009066e-07,True,True
-0.3140449523925781,-1.9183063507080078,1.5,1.1529343737493036e-06,True,True
-14.314044952392578,-0.9183063507080078,1.5,1.3104482832204667e-06,True,True
-13.314044952392578,-0.9183063507080078,1.5,1.0331528983442695e-06,True,True
-12.314044952392578,-0.9183063507080078,1.5,1.0522537650103914e-06,True,True
-11.314044952392578,-0.9183063507080078,1.5,1.08398796783149e-06,True,True
-10.314044952392578,-0.9183063507080078,1.5,1.051755248226982e-06,True,True
-9.314044952392578,-0.9183063507080078,1.5,1.0905774843195104e-06,True,True
-8.314044952392578,-0.9183063507080078,1.5,1.239488597093441e-06,True,True
-7.314044952392578,-0.9183063507080078,1.5,1.4050165191292763e-06,True,True
-6.314044952392578,-0.9183063507080078,1.5,1.3760205774815404e-06,True,True
-5.314044952392578,-0.9183063507080078,1.5,1.177177750832925e-06,True,True
-4.314044952392578,-0.9183063507080078,1.5,1.071664314622467e-06,True,True
-3.314044952392578,-0.9183063507080078,1.5,1.4950813920222572e-06,True,True
-2.314044952392578,-0.9183063507080078,1.5,1.57842191583768e-06,True,True
-1.3140449523925781,-0.9183063507080078,1.5,1.7197716033479082e-06,True,True
-0.3140449523925781,-0.9183063507080078,1.5,1.1290139809716493e-06,True,True
-14.314044952392578,0.08169364929199219,1.5,9.152554980573768e-07,False,False
-13.314044952392578,0.08169364929199219,1.5,8.530761306246859e-07,False,False
-12.314044952392578,0.08169364929199219,1.5,9.12758196136565e-07,False,False
-11.314044952392578,0.08169364929199219,1.5,9.722974709802656e-07,False,False
-10.314044952392578,0.08169364929199219,1.5,9.788386705622543e-07,False,False
-9.314044952392578,0.08169364929199219,1.5,1.0003501529354253e-06,False,False
-8.314044952392578,0.08169364929199219,1.5,1.1771682011385565e-06,False,False
-7.314044952392578,0.08169364929199219,1.5,1.2638247426366434e-06,False,False
-6.314044952392578,0.08169364929199219,1.5,1.2344054312052322e-06,False,False
-5.314044952392578,0.08169364929199219,1.5,1.213719770021271e-06,False,False
-4.314044952392578,0.08169364929199219,1.5,1.1311849448247813e-06,False,False
-3.314044952392578,0.08169364929199219,1.5,1.2240298019605689e-06,False,False
-2.314044952392578,0.08169364929199219,1.5,1.2469110970414476e-06,False,False
-1.3140449523925781,0.08169364929199219,1.5,1.2488194442994427e-06,False,False
-0.3140449523925781,0.08169364929199219,1.5,1.4747145087312674e-06,True,True
