experiment_id,session_id,point_id,point_role,node_id,timestamp,server_ts_ms,seq,rssi_raw_dbm,rssi_filtered_dbm,sample_count,error_flags,device_offset_db,pos_x,pos_y,pos_z,ap_bssid,ap_channel,valid,invalid_reason
classroom_20260723_215645,classroom_20260723_215645__offset-01__1784811547911,offset-01,calibration,gw-01,1784811548652,1784811548261,1695,-44.0,-45.0,,0,-2.0,,,,,,1,
classroom_20260723_215645,classroom_20260723_215645__offset-01__1784811547911,offset-01,calibration,node-03,1784811548690,1784811548280,8,-50.0,-50.0,,0,0.0,,,,,,1,
classroom_20260723_215645,classroom_20260723_215645__offset-01__1784811547911,offset-01,calibration,node-01,1784811549063,1784811548653,1603,-47.0,-46.0,,0,0.0,,,,,,1,
classroom_20260723_215645,classroom_20260723_215645__offset-01__1784811547911,offset-01,calibration,node-03,1784811549642,1784811549232,9,-49.0,-50.0,,0,0.0,,,,,,1,
classroom_20260723_215645,classroom_20260723_215645__offset-01__1784811547911,offset-01,calibration,gw-01,1784811549712,1784811549302,1696,-48.0,-47.0,,0,-2.0,,,,,,1,
classroom_20260723_215645,classroom_20260723_215645__offset-01__1784811547911,offset-01,calibration,node-01,1784811550066,1784811549691,1604,-46.0,-46.0,,0,0.0,,,,,,1,
classroom_20260723_215645,classroom_20260723_215645__offset-01__1784811547911,offset-01,calibration,node-03,1784811550651,1784811550241,10,-52.0,-51.0,,0,0.0,,,,,,1,
classroom_20260723_215645,classroom_20260723_215645__offset-01__1784811547911,offset-01,calibration,gw-01,1784811550821,1784811550409,1697,-43.0,-46.0,,0,-2.0,,,,,,1,
classroom_20260723_215645,classroom_20260723_215645__offset-01__1784811547911,offset-01,calibration,node-01,1784811551082,1784811550680,1605,-47.0,-46.0,,0,0.0,,,,,,1,
classroom_20260723_215645,classroom_20260723_215645__offset-01__1784811547911,offset-01,calibration,node-03,1784811551661,1784811551249,11,-49.0,-50.0,,0,0.0,,,,,,1,
classroom_20260723_215645,classroom_20260723_215645__offset-01__1784811547911,offset-01,calibration,gw-01,1784811551938,1784811551535,1698,-44.0,-45.0,,0,-2.0,,,,,,1,
classroom_20260723_215645,classroom_20260723_215645__offset-01__1784811547911,offset-01,calibration,node-01,1784811552082,1784811551673,1606,-48.0,-47.0,,0,0.0,,,,,,1,
classroom_20260723_215645,classroom_20260723_215645__offset-01__1784811547911,offset-01,calibration,node-03,1784811552666,1784811552255,12,-49.0,-49.0,,0,0.0,,,,,,1,
classroom_20260723_215645,classroom_20260723_215645__offset-01__1784811547911,offset-01,calibration,gw-01,1784811553099,1784811552689,1699,-44.0,-45.0,,0,-2.0,,,,,,1,
classroom_20260723_215645,classroom_20260723_215645__offset-01__1784811547911,offset-01,calibration,node-01,1784811553119,1784811552706,1607,-48.0,-47.0,,0,0.0,,,,,,1,
classroom_20260723_215645,classroom_20260723_215645__offset-01__1784811547911,offset-01,calibration,node-03,1784811553675,1784811553265,13,-48.0,-49.0,,0,0.0,,,,,,1,
classroom_20260723_215645,classroom_20260723_215645__offset-01__1784811547911,offset-01,calibration,node-01,1784811554098,1784811553695,1608,-46.0,-47.0,,0,0.0,,,,,,1,
classroom_20260723_215645,classroom_20260723_215645__offset-01__1784811547911,offset-01,calibration,gw-01,1784811554164,1784811553752,1700,-45.0,-45.0,,0,-2.0,,,,,,1,
classroom_20260723_215645,classroom_20260723_215645__offset-01__1784811547911,offset-01,calibration,node-03,1784811554681,1784811554274,14,-50.0,-49.0,,0,0.0,,,,,,1,
classroom_20260723_215645,classroom_20260723_215645__offset-01__1784811547911,offset-01,calibration,node-01,1784811555097,1784811554685,1609,-46.0,-46.0,,0,0.0,,,,,,1,
classroom_20260723_215645,classroom_20260723_215645__offset-01__1784811547911,offset-01,calibration,gw-01,1784811555269,1784811554858,1701,-43.0,-44.0,,0,-2.0,,,,,,1,
classroom_20260723_215645,classroom_20260723_215645__offset-01__1784811547911,offset-01,calibration,node-03,1784811555684,1784811555273,15,-49.0,-49.0,,0,0.0,,,,,,1,
classroom_20260723_215645,classroom_20260723_215645__offset-01__1784811547911,offset-01,calibration,node-01,1784811556104,1784811555695,1610,-47.0,-47.0,,0,0.0,,,,,,1,
classroom_20260723_215645,classroom_20260723_215645__offset-01__1784811547911,offset-01,calibration,gw-01,1784811556383,1784811555973,1702,-41.0,-43.0,,0,-2.0,,,,,,1,
classroom_20260723_215645,classroom_20260723_215645__offset-01__1784811547911,offset-01,calibration,node-03,1784811556697,1784811556286,16,-49.0,-48.0,,0,0.0,,,,,,1,
classroom_20260723_215645,classroom_20260723_215645__offset-01__1784811547911,offset-01,calibration,node-01,1784811557117,1784811556726,1611,-46.0,-46.0,,0,0.0,,,,,,1,
classroom_20260723_215645,classroom_20260723_215645__offset-01__1784811547911,offset-01,calibration,gw-01,1784811557498,1784811557087,1703,-43.0,-43.0,,0,-2.0,,,,,,1,
classroom_20260723_215645,classroom_20260723_215645__offset-01__1784811547911,offset-01,calibration,node-03,1784811557703,1784811557291,17,-48.0,-49.0,,0,0.0,,,,,,1,
classroom_20260723_215645,classroom_20260723_215645__offset-01__1784811547911,offset-01,calibration,node-01,1784811558121,1784811557712,1612,-47.0,-46.0,,0,0.0,,,,,,1,
classroom_20260723_215645,classroom_20260723_215645__offset-01__1784811547911,offset-01,calibration,gw-01,1784811558609,1784811558198,1704,-48.0,-44.0,,0,-2.0,,,,,,1,
classroom_20260723_215645,classroom_20260723_215645__offset-01__1784811547911,offset-01,calibration,node-03,1784811558705,1784811558293,18,-50.0,-50.0,,0,0.0,,,,,,1,
classroom_20260723_215645,classroom_20260723_215645__offset-01__1784811547911,offset-01,calibration,node-01,1784811559126,1784811558716,1613,-47.0,-47.0,,0,0.0,,,,,,1,
classroom_20260723_215645,classroom_20260723_215645__offset-01__1784811547911,offset-01,calibration,gw-01,1784811559775,1784811559365,1705,-49.0,-45.0,,0,-2.0,,,,,,1,
classroom_20260723_215645,classroom_20260723_215645__offset-01__1784811547911,offset-01,calibration,node-03,1784811559802,1784811559392,19,-50.0,-50.0,,0,0.0,,,,,,1,
classroom_20260723_215645,classroom_20260723_215645__offset-01__1784811547911,offset-01,calibration,node-01,1784811560134,1784811559740,1614,-47.0,-47.0,,0,0.0,,,,,,1,
classroom_20260723_215645,classroom_20260723_215645__offset-01__1784811547911,offset-01,calibration,node-03,1784811560718,1784811560309,20,-49.0,-50.0,,0,0.0,,,,,,1,
classroom_20260723_215645,classroom_20260723_215645__offset-01__1784811547911,offset-01,calibration,gw-01,1784811560833,1784811560421,1706,-44.0,-45.0,,0,-2.0,,,,,,1,
classroom_20260723_215645,classroom_20260723_215645__offset-01__1784811547911,offset-01,calibration,node-01,1784811561141,1784811560731,1615,-46.0,-47.0,,0,0.0,,,,,,1,
classroom_20260723_215645,classroom_20260723_215645__offset-01__1784811547911,offset-01,calibration,node-03,1784811561725,1784811561315,21,-51.0,-50.0,,0,0.0,,,,,,1,
classroom_20260723_215645,classroom_20260723_215645__offset-01__1784811547911,offset-01,calibration,gw-01,1784811561942,1784811561546,1707,-43.0,-45.0,,0,-2.0,,,,,,1,
classroom_20260723_215645,classroom_20260723_215645__offset-01__1784811547911,offset-01,calibration,node-01,1784811562143,1784811561733,1616,-47.0,-47.0,,0,0.0,,,,,,1,
classroom_20260723_215645,classroom_20260723_215645__offset-01__1784811547911,offset-01,calibration,node-03,1784811562737,1784811562327,22,-49.0,-51.0,,0,0.0,,,,,,1,
classroom_20260723_215645,classroom_20260723_215645__offset-01__1784811547911,offset-01,calibration,gw-01,1784811563058,1784811562646,1708,-48.0,-46.0,,0,-2.0,,,,,,1,
classroom_20260723_215645,classroom_20260723_215645__offset-01__1784811547911,offset-01,calibration,node-01,1784811563160,1784811562760,1617,-47.0,-46.0,,0,0.0,,,,,,1,
classroom_20260723_215645,classroom_20260723_215645__offset-01__1784811547911,offset-01,calibration,node-03,1784811563741,1784811563332,23,-48.0,-50.0,,0,0.0,,,,,,1,
classroom_20260723_215645,classroom_20260723_215645__offset-01__1784811547911,offset-01,calibration,gw-01,1784811564224,1784811563813,1709,-49.0,-47.0,,0,-2.0,,,,,,1,
classroom_20260723_215645,classroom_20260723_215645__offset-01__1784811547911,offset-01,calibration,node-01,1784811564248,1784811563834,1618,-47.0,-47.0,,0,0.0,,,,,,1,
classroom_20260723_215645,classroom_20260723_215645__offset-01__1784811547911,offset-01,calibration,node-03,1784811564740,1784811564341,24,-49.0,-49.0,,0,0.0,,,,,,1,
classroom_20260723_215645,classroom_20260723_215645__offset-01__1784811547911,offset-01,calibration,node-01,1784811565165,1784811564755,1619,-46.0,-47.0,,0,0.0,,,,,,1,
classroom_20260723_215645,classroom_20260723_215645__offset-01__1784811547911,offset-01,calibration,gw-01,1784811565281,1784811564869,1710,-48.0,-46.0,,0,-2.0,,,,,,1,
classroom_20260723_215645,classroom_20260723_215645__offset-01__1784811547911,offset-01,calibration,node-03,1784811565756,1784811565346,25,-52.0,-50.0,,0,0.0,,,,,,1,
classroom_20260723_215645,classroom_20260723_215645__offset-01__1784811547911,offset-01,calibration,node-01,1784811566176,1784811565784,1620,-47.0,-46.0,,0,0.0,,,,,,1,
classroom_20260723_215645,classroom_20260723_215645__offset-01__1784811547911,offset-01,calibration,gw-01,1784811566393,1784811565984,1711,-44.0,-46.0,,0,-2.0,,,,,,1,
classroom_20260723_215645,classroom_20260723_215645__offset-01__1784811547911,offset-01,calibration,node-03,1784811566756,1784811566345,26,-51.0,-51.0,,0,0.0,,,,,,1,
classroom_20260723_215645,classroom_20260723_215645__offset-01__1784811547911,offset-01,calibration,node-01,1784811567181,1784811566770,1621,-48.0,-47.0,,0,0.0,,,,,,1,
classroom_20260723_215645,classroom_20260723_215645__offset-01__1784811547911,offset-01,calibration,gw-01,1784811567509,1784811567100,1712,-43.0,-46.0,,0,-2.0,,,,,,1,
classroom_20260723_215645,classroom_20260723_215645__offset-01__1784811547911,offset-01,calibration,node-03,1784811567763,1784811567353,27,-52.0,-50.0,,0,0.0,,,,,,1,
classroom_20260723_215645,classroom_20260723_215645__offset-01__1784811547911,offset-01,calibration,node-01,1784811568191,1784811567781,1622,-48.0,-47.0,,0,0.0,,,,,,1,
classroom_20260723_215645,classroom_20260723_215645__offset-01__1784811547911,offset-01,calibration,gw-01,1784811568620,1784811568210,1713,-48.0,-46.0,,0,-2.0,,,,,,1,
classroom_20260723_215645,classroom_20260723_215645__offset-01__1784811547911,offset-01,calibration,node-03,1784811568775,1784811568362,28,-48.0,-50.0,,0,0.0,,,,,,1,
classroom_20260723_215645,classroom_20260723_215645__offset-01__1784811547911,offset-01,calibration,node-01,1784811569195,1784811568789,1623,-48.0,-47.0,,0,0.0,,,,,,1,
classroom_20260723_215645,classroom_20260723_215645__offset-01__1784811547911,offset-01,calibration,gw-01,1784811569785,1784811569373,1714,-41.0,-45.0,,0,-2.0,,,,,,1,
classroom_20260723_215645,classroom_20260723_215645__offset-01__1784811547911,offset-01,calibration,node-03,1784811569801,1784811569392,29,-49.0,-50.0,,0,0.0,,,,,,1,
classroom_20260723_215645,classroom_20260723_215645__offset-01__1784811547911,offset-01,calibration,node-01,1784811570204,1784811569794,1624,-45.0,-47.0,,0,0.0,,,,,,1,
classroom_20260723_215645,classroom_20260723_215645__offset-01__1784811547911,offset-01,calibration,node-03,1784811570781,1784811570371,30,-49.0,-49.0,,0,0.0,,,,,,1,
classroom_20260723_215645,classroom_20260723_215645__offset-01__1784811547911,offset-01,calibration,gw-01,1784811570839,1784811570428,1715,-44.0,-44.0,,0,-2.0,,,,,,1,
classroom_20260723_215645,classroom_20260723_215645__offset-01__1784811547911,offset-01,calibration,node-01,1784811571206,1784811570823,1625,-48.0,-48.0,,0,0.0,,,,,,1,
classroom_20260723_215645,classroom_20260723_215645__offset-01__1784811547911,offset-01,calibration,node-03,1784811571792,1784811571381,31,-52.0,-50.0,,0,0.0,,,,,,1,
classroom_20260723_215645,classroom_20260723_215645__offset-01__1784811547911,offset-01,calibration,gw-01,1784811571957,1784811571546,1716,-43.0,-44.0,,0,-2.0,,,,,,1,
classroom_20260723_215645,classroom_20260723_215645__offset-01__1784811547911,offset-01,calibration,node-01,1784811572214,1784811571813,1626,-48.0,-48.0,,0,0.0,,,,,,1,
classroom_20260723_215645,classroom_20260723_215645__offset-01__1784811547911,offset-01,calibration,node-03,1784811572802,1784811572392,32,-51.0,-51.0,,0,0.0,,,,,,1,
classroom_20260723_215645,classroom_20260723_215645__offset-01__1784811547911,offset-01,calibration,gw-01,1784811573068,1784811572657,1717,-48.0,-45.0,,0,-2.0,,,,,,1,
classroom_20260723_215645,classroom_20260723_215645__offset-01__1784811547911,offset-01,calibration,node-01,1784811573220,1784811572808,1627,-47.0,-47.0,,0,0.0,,,,,,1,
classroom_20260723_215645,classroom_20260723_215645__offset-01__1784811547911,offset-01,calibration,node-03,1784811573803,1784811573392,33,-48.0,-50.0,,0,0.0,,,,,,1,
classroom_20260723_215645,classroom_20260723_215645__offset-01__1784811547911,offset-01,calibration,gw-01,1784811574230,1784811573817,1718,-48.0,-45.0,,0,-2.0,,,,,,1,
classroom_20260723_215645,classroom_20260723_215645__offset-01__1784811547911,offset-01,calibration,node-01,1784811574242,1784811573831,1628,-47.0,-47.0,,0,0.0,,,,,,1,
classroom_20260723_215645,classroom_20260723_215645__offset-01__1784811547911,offset-01,calibration,node-03,1784811574816,1784811574405,34,-50.0,-49.0,,0,0.0,,,,,,1,
classroom_20260723_215645,classroom_20260723_215645__offset-01__1784811547911,offset-01,calibration,node-01,1784811575292,1784811574880,1629,-46.0,-46.0,,0,0.0,,,,,,1,
classroom_20260723_215645,classroom_20260723_215645__offset-01__1784811547911,offset-01,calibration,gw-01,1784811575318,1784811574905,1719,-44.0,-45.0,,0,-2.0,,,,,,1,
classroom_20260723_215645,classroom_20260723_215645__offset-01__1784811547911,offset-01,calibration,node-03,1784811575811,1784811575399,35,-48.0,-49.0,,0,0.0,,,,,,1,
classroom_20260723_215645,classroom_20260723_215645__offset-01__1784811547911,offset-01,calibration,node-01,1784811576239,1784811575828,1630,-47.0,-46.0,,0,0.0,,,,,,1,
classroom_20260723_215645,classroom_20260723_215645__offset-01__1784811547911,offset-01,calibration,gw-01,1784811576402,1784811575990,1720,-44.0,-45.0,,0,-2.0,,,,,,1,
classroom_20260723_215645,classroom_20260723_215645__offset-01__1784811547911,offset-01,calibration,node-03,1784811576820,1784811576409,36,-49.0,-50.0,,0,0.0,,,,,,1,
classroom_20260723_215645,classroom_20260723_215645__offset-01__1784811547911,offset-01,calibration,node-01,1784811577245,1784811576833,1631,-45.0,-45.0,,0,0.0,,,,,,1,
classroom_20260723_215645,classroom_20260723_215645__offset-01__1784811547911,offset-01,calibration,gw-01,1784811577510,1784811577099,1721,-44.0,-46.0,,0,-2.0,,,,,,1,
classroom_20260723_215645,classroom_20260723_215645__offset-01__1784811547911,offset-01,calibration,node-03,1784811577839,1784811577430,37,-51.0,-50.0,,0,0.0,,,,,,1,
classroom_20260723_215645,classroom_20260723_215645__offset-01__1784811547911,offset-01,calibration,node-01,1784811578259,1784811577854,1632,-46.0,-45.0,,0,0.0,,,,,,1,
