idw_power,node02_offset_db,raw_sionna_mae_db,raw_sionna_rmse_db,plain_idw_mae_db,plain_idw_rmse_db,residual_idw_mae_db,residual_idw_rmse_db,residual_minus_plain_mae_db,residual_minus_plain_rmse_db
2,-4.0,10.01551106666106,12.071204834194946,2.981050293655119,4.035432074841511,5.0769863719802135,5.956009536544471,2.0959360783250944,1.92057746170296
2,-3.75,9.803972605122599,11.866196719864996,3.168043700248084,4.198262984228857,5.134678679672522,5.988313199008265,1.966634979424438,1.7900502147794075
2,-3.5,9.594589051156987,11.66294401255438,3.379582161786545,4.369337723137536,5.192370987364829,6.030815893345156,1.8127888255782842,1.6614781702076193
2,-3.25,9.421512128080064,11.461540100938505,3.591120623325007,4.547726046379579,5.250063295057137,6.0833038481924,1.65894267173213,1.5355778018128206
2,-3.0,9.24843520500314,11.262084173494033,3.8026590848634685,4.732601002303676,5.307755602749444,6.145521221136607,1.5050965178859759,1.412920218832931
2,-2.75,9.075358281926217,11.064681575911171,4.01419754640193,4.9232318959289625,5.365447910441753,6.217175922349978,1.3512503640398226,1.2939440264210154
2,-2.5,8.902281358849296,10.869444181822335,4.225736007940392,5.118975713478118,5.42314021813406,6.29794584126096,1.1974042101936684,1.1789701277828417
2,-2.25,8.729204435772372,10.676490774931375,4.437274469478853,5.319268033222742,5.480832525826368,6.387485200723688,1.043558056347515,1.0682171675009462
2,-2.0,8.556127512695449,10.485947439913957,4.648812931017314,5.523614076250427,5.538524833518675,6.485430792127233,0.8897119025013609,0.9618167158768065
2,-1.75,8.384807054447574,10.297947958602307,4.860351392555776,5.731580280990435,5.645761738697217,6.591407886747716,0.7854103461414415,0.8598276057572818
2,-1.5,8.263938236974466,10.112634206947504,5.071889854094238,5.94278659986415,5.7803771233126024,6.705035667279326,0.7084872692183648,0.7622490674151754
2,-1.25,8.16778439082062,9.930156547052425,5.306400108173047,6.156899595219287,5.914992507927987,6.825932073313933,0.6085923997549392,0.6690324780946453
2,-1.0,8.071630544666773,9.750674207172109,5.556400108173049,6.373626336686043,6.049607892543372,6.953718001149008,0.4932077843703224,0.580091664462965
2,-0.75,7.975476698512927,9.574355640974215,5.806400108173049,6.5927090587849,6.184223277158756,7.088020838676455,0.37782316898570656,0.49531177989155495
2,-0.5,7.879322852359081,9.401378855534869,6.056400108173049,6.813920515229907,6.318838661774141,7.228477348620497,0.2624385536010916,0.4145568333905896
2,-0.25,7.783169006205235,9.23193169551971,6.306400108173049,7.037059957251858,6.453454046389525,7.374735937613464,0.14705393821647572,0.3376759803616052
2,0.0,7.687015160051389,9.06621206878511,6.556400108173049,7.261949662180538,6.58806943100491,7.5264583649639265,0.03166932283186075,0.2645087027833881
2,0.25,7.590861313897543,8.904428096269188,6.806400108173049,7.488431942010996,6.722684815620294,7.683320954479473,-0.08371529255275512,0.19488901246847767
2,0.5,7.494707467743696,8.74679816659053,7.056400108173049,7.7163665675120106,6.866225101185994,7.845015376629373,-0.19017500698705536,0.12864880911736254
2,0.75,7.39855362158985,8.593550873330232,7.306400108173049,7.945628550234626,7.039302024262917,8.011249068001769,-0.267098083910132,0.06562051776714295
2,1.0,7.302399775436005,8.444924810675232,7.556400108173049,8.176106231721194,7.21237894733984,8.181745351669601,-0.34402116083320955,0.005639119948407156
2,1.25,7.206245929282158,8.301168201126963,7.806400108173049,8.407699635838371,7.385455870416763,8.356243316800622,-0.4209442377562862,-0.051456319037749054
2,1.5,7.110092083128312,8.162538327557476,8.05640010817305,8.64031904622527,7.558532793493686,8.534497509495388,-0.49786731467936285,-0.10582153672988248
2,1.75,7.013938236974466,8.029300741302952,8.30640010817305,8.873883776264467,7.731609716570609,8.716277480070888,-0.5747903916024404,-0.15760629619357935
2,2.0,6.91778439082062,7.901728218543806,8.55640010817305,9.108321103734552,7.904686639647532,8.901367225297404,-0.651713468525517,-0.2069538784371474
2,2.25,6.821630544666774,7.780099439285772,8.80640010817305,9.34356534642011,8.077763562724455,9.0895645577556,-0.7286365454485946,-0.25400078866451103
2,2.5,6.725476698512927,7.664697367190575,9.05640010817305,9.57955705849228,8.250840485801378,9.280680428697815,-0.8055596223716712,-0.2988766297944654
2,2.75,6.629322852359081,7.555807314646229,9.30640010817305,9.816242330494688,8.423917408878301,9.474538225666864,-0.8824826992947479,-0.34170410482782465
2,3.0,6.533169006205235,7.45371468608135,9.55640010817305,10.053572178339515,8.596994331955225,9.670973061674328,-0.9594057762178245,-0.38259911666518676
2,3.25,6.437015160051389,7.358702403749463,9.80640010817305,10.29150200889884,8.770071255032148,9.869831068951406,-1.0363288531409012,-0.4216709399474343
2,3.5,6.340861313897543,7.271048033976358,10.05640010817305,10.529991151622843,8.943148178109071,10.070968707112856,-1.1132519300639778,-0.4590224445099871
2,3.75,6.278029562222004,7.191020647852071,10.30640010817305,10.76900244717875,9.116225101185993,10.274252092958118,-1.1901750069870562,-0.4947503542206313
2,4.0,6.220337254529697,7.118877467921339,10.55640010817305,11.008501885426028,9.289302024262916,10.479556357005874,-1.267098083910133,-0.5289455284201541
3,-4.0,10.01551106666106,12.071204834194946,2.927542057038764,3.996569664703322,4.989323936243284,6.017227566982423,2.0617818792045206,2.0206579022791007
3,-3.75,9.803972605122599,11.866196719864996,3.1390805185772255,4.157625526904569,5.047016243935592,6.040132599332394,1.9079357253583664,1.882507072427825
3,-3.5,9.594589051156987,11.66294401255438,3.3506189801156867,4.327138888354541,5.104708551627899,6.073250862773793,1.7540895715122127,1.746111974419252
3,-3.25,9.421512128080064,11.461540100938505,3.5621574416541484,4.504154959174013,5.162400859320207,6.116416456295902,1.6002434176660585,1.6122614971218887
3,-3.0,9.24843520500314,11.262084173494033,3.77369590319261,4.687823891038732,5.220093167012515,6.169418488926814,1.4463972638199052,1.4815945978880816
3,-2.75,9.075358281926217,11.064681575911171,3.9852343647310713,4.877394157799347,5.277785474704823,6.232005994555583,1.2925511099737514,1.354611836756236
3,-2.5,8.902281358849296,10.869444181822335,4.196772826269533,5.072204127169654,5.33547778239713,6.303893474737769,1.1387049561275973,1.231689347568115
3,-2.25,8.729204435772372,10.676490774931375,4.408311287807995,5.271672945547603,5.4100646173484614,6.384766805883056,1.0017533295404668,1.1130938603354537
3,-2.0,8.556127512695449,10.485947439913957,4.619849749346456,5.475291460914224,5.506218463502307,6.47428925753019,0.886368714155851,0.9989977966159662
3,-1.75,8.384807054447574,10.297947958602307,4.831388210884918,5.682613616910963,5.602372309656153,6.57210739526033,0.7709840987712351,0.889493778349367
3,-1.5,8.263938236974466,10.112634206947504,5.042926672423379,5.893248548656638,5.69852615581,6.677856680065859,0.655599483386621,0.7846081314092208
3,-1.25,8.16778439082062,9.930156547052425,5.2544651339618405,6.1068534773142575,5.812825955914714,6.791166620262303,0.5583608219528733,0.6843131429480458
3,-1.0,8.071630544666773,9.750674207172109,5.5015618742833485,6.3231274169137945,5.947441340530099,6.911665377376831,0.44587946624675023,0.5885379604630367
3,-0.75,7.975476698512927,9.574355640974215,5.7515618742833485,6.5418056580479815,6.082056725145483,7.038983769941106,0.33049485086213437,0.4971781118931249
3,-0.5,7.879322852359081,9.401378855534869,6.0015618742833485,6.762654967156779,6.216672109760868,7.172758656065254,0.2151102354775194,0.4101036889084746
3,-0.25,7.783169006205235,9.23193169551971,6.2515618742833485,6.985469428889654,6.384772826099222,7.312635705600528,0.13321095181587328,0.32716627671087384
3,0.0,7.687015160051389,9.06621206878511,6.5015618742833485,7.210066856770027,6.557849749176144,7.458271595181315,0.05628787489279574,0.24820473841128798
3,0.25,7.590861313897543,8.904428096269188,6.7515618742833485,7.436285700283126,6.730926672253068,7.6093356748242575,-0.020635202030280908,0.17304997454113114
3,0.5,7.494707467743696,8.74679816659053,7.0015618742833485,7.663982382115512,6.904003595329991,7.765511163910451,-0.09755827895335756,0.10152878179493818
3,0.75,7.39855362158985,8.593550873330232,7.2515618742833485,7.893029006060895,7.077080518406914,7.9264959384006834,-0.1744813558764342,0.03346693233978826
3,1.0,7.302399775436005,8.444924810675232,7.5015618742833485,8.123311383152828,7.250157441483837,8.092002971214681,-0.25140443279951175,-0.03130841193814682
3,1.25,7.206245929282158,8.301168201126963,7.7515618742833485,8.354727330368238,7.42323436456076,8.261760484957907,-0.3283275097225884,-0.09296684541033073
3,1.5,7.110092083128312,8.162538327557476,8.001561874283349,8.587185202494684,7.5963112876376835,8.435511871574636,-0.40525058664566505,-0.15167333092004753
3,1.75,7.013938236974466,8.029300741302952,8.251561874283349,8.820602623352066,7.769388210714606,8.613015427836022,-0.4821736635687426,-0.20758719551604443
3,2.0,6.91778439082062,7.901728218543806,8.501561874283349,9.054905387480702,7.942465133791529,8.794043949447037,-0.5590967404918192,-0.2608614380336647
3,2.25,6.821630544666774,7.780099439285772,8.751561874283349,9.290026507678473,8.115542056868453,8.978384220419102,-0.6360198174148959,-0.31164228725937093
3,2.5,6.725476698512927,7.664697367190575,9.001561874283349,9.525905387442727,8.288618979945376,9.165836428506426,-0.7129428943379725,-0.3600689589363011
3,2.75,6.629322852359081,7.555807314646229,9.251561874283349,9.762487100511427,8.4616959030223,9.356213532129338,-0.7898659712610492,-0.4062735683820886
3,3.0,6.533169006205235,7.45371468608135,9.501561874283349,9.999721762368877,8.634772826099221,9.549340599406056,-0.8667890481841276,-0.45038116296282027
3,3.25,6.437015160051389,7.358702403749463,9.751561874283349,10.237563980846975,8.807849749176144,9.745054135720824,-0.9437121251072043,-0.4925098451261505
3,3.5,6.340861313897543,7.271048033976358,10.001561874283349,10.475972374871796,8.980926672253068,9.94320141266354,-1.020635202030281,-0.5327709622082555
3,3.75,6.278029562222004,7.191020647852071,10.251561874283349,10.71490915202825,9.154003595329991,10.143639808148698,-1.0975582789533576,-0.5712693438795515
3,4.0,6.220337254529697,7.118877467921339,10.501561874283349,10.954339736988278,9.327080518406914,10.346236165008202,-1.1744813558764342,-0.6081035719800756
